run,background_bodies,operation,edit_p50_ms,edit_p95_ms,mesh_p50_ms,mesh_p95_ms
baseline,0,extrude,0.005831,0.012503,0.030027,0.047049
baseline,0,moveFaces,0.147539,0.175993,0.029886,0.043742
baseline,0,pushPullFace,0.166565,0.229795,0.029746,0.041368
baseline,1000,extrude,0.891946,0.993468,0.040767,0.046638
baseline,1000,moveFaces,5.963263,7.192857,0.037531,0.057198
baseline,1000,pushPullFace,2.689223,2.949666,0.030608,0.032712
baseline,10000,extrude,38.761175,55.594636,0.063971,0.067808
baseline,10000,moveFaces,40.605150,62.391886,0.061496,0.102253
baseline,10000,pushPullFace,57.983492,68.751870,0.034656,0.042320
candidate1,0,extrude,0.005990,0.009584,0.032385,0.034138
candidate1,0,moveFaces,0.152395,0.167727,0.031732,0.032607
candidate1,0,pushPullFace,0.174724,0.184248,0.031268,0.039332
candidate1,1000,extrude,0.964194,1.385975,0.043339,0.053003
candidate1,1000,moveFaces,1.163532,1.240948,0.036453,0.038285
candidate1,1000,pushPullFace,3.016428,4.030303,0.032929,0.046359
candidate1,10000,extrude,44.658939,56.688287,0.067862,0.076415
candidate1,10000,moveFaces,40.357676,55.431374,0.045476,0.058651
candidate1,10000,pushPullFace,68.701161,74.672944,0.034765,0.041538
candidate2,0,extrude,0.005741,0.008807,0.030468,0.032071
candidate2,0,moveFaces,0.142288,0.194496,0.030036,0.038483
candidate2,0,pushPullFace,0.166553,0.174849,0.029927,0.030598
candidate2,1000,extrude,3.308065,3.486210,0.051297,0.059041
candidate2,1000,moveFaces,3.523240,4.051713,0.036308,0.073007
candidate2,1000,pushPullFace,6.075445,6.366984,0.032531,0.037039
candidate2,10000,extrude,47.072025,53.336817,0.065062,0.070332
candidate2,10000,moveFaces,48.298199,51.869369,0.053981,0.065934
candidate2,10000,pushPullFace,154.761827,169.994309,0.035366,0.036839
