Unviable	crates/geometry/src/extrema/segment.rs	crates/geometry/src/extrema/segment.rs:36:5: replace segment_segment_distance -> (f64, Point3, Point3) with (0.0, Default::default(), Default::default())
Unviable	crates/geometry/src/extrema/segment.rs	crates/geometry/src/extrema/segment.rs:36:5: replace segment_segment_distance -> (f64, Point3, Point3) with (-1.0, Default::default(), Default::default())
Unviable	crates/geometry/src/extrema/segment.rs	crates/geometry/src/extrema/segment.rs:36:17: replace - with + in segment_segment_distance
Unviable	crates/geometry/src/extrema/segment.rs	crates/geometry/src/extrema/segment.rs:36:17: replace - with / in segment_segment_distance
Unviable	crates/geometry/src/extrema/segment.rs	crates/geometry/src/extrema/segment.rs:36:5: replace segment_segment_distance -> (f64, Point3, Point3) with (1.0, Default::default(), Default::default())
Unviable	crates/geometry/src/extrema/segment.rs	crates/geometry/src/extrema/segment.rs:37:17: replace - with / in segment_segment_distance
Unviable	crates/geometry/src/extrema/segment.rs	crates/geometry/src/extrema/segment.rs:37:17: replace - with + in segment_segment_distance
Unviable	crates/geometry/src/extrema/segment.rs	crates/geometry/src/extrema/segment.rs:38:16: replace - with + in segment_segment_distance
Unviable	crates/geometry/src/extrema/segment.rs	crates/geometry/src/extrema/segment.rs:38:16: replace - with / in segment_segment_distance
CaughtMutant	crates/geometry/src/extrema/segment.rs	crates/geometry/src/extrema/segment.rs:45:19: replace && with || in segment_segment_distance
CaughtMutant	crates/geometry/src/extrema/segment.rs	crates/geometry/src/extrema/segment.rs:45:10: replace <= with > in segment_segment_distance
Unviable	crates/geometry/src/extrema/segment.rs	crates/geometry/src/extrema/segment.rs:46:23: replace - with + in segment_segment_distance
Unviable	crates/geometry/src/extrema/segment.rs	crates/geometry/src/extrema/segment.rs:46:23: replace - with / in segment_segment_distance
CaughtMutant	crates/geometry/src/extrema/segment.rs	crates/geometry/src/extrema/segment.rs:45:24: replace <= with > in segment_segment_distance
MissedMutant	crates/geometry/src/extrema/segment.rs	crates/geometry/src/extrema/segment.rs:47:63: replace + with * in segment_segment_distance
MissedMutant	crates/geometry/src/extrema/segment.rs	crates/geometry/src/extrema/segment.rs:47:63: replace + with - in segment_segment_distance
MissedMutant	crates/geometry/src/extrema/segment.rs	crates/geometry/src/extrema/segment.rs:47:41: replace + with - in segment_segment_distance
CaughtMutant	crates/geometry/src/extrema/segment.rs	crates/geometry/src/extrema/segment.rs:47:41: replace + with * in segment_segment_distance
CaughtMutant	crates/geometry/src/extrema/segment.rs	crates/geometry/src/extrema/segment.rs:47:30: replace * with + in segment_segment_distance
CaughtMutant	crates/geometry/src/extrema/segment.rs	crates/geometry/src/extrema/segment.rs:47:30: replace * with / in segment_segment_distance
CaughtMutant	crates/geometry/src/extrema/segment.rs	crates/geometry/src/extrema/segment.rs:47:52: replace * with / in segment_segment_distance
CaughtMutant	crates/geometry/src/extrema/segment.rs	crates/geometry/src/extrema/segment.rs:47:74: replace * with / in segment_segment_distance
MissedMutant	crates/geometry/src/extrema/segment.rs	crates/geometry/src/extrema/segment.rs:47:52: replace * with + in segment_segment_distance
MissedMutant	crates/geometry/src/extrema/segment.rs	crates/geometry/src/extrema/segment.rs:47:74: replace * with + in segment_segment_distance
CaughtMutant	crates/geometry/src/extrema/segment.rs	crates/geometry/src/extrema/segment.rs:52:10: replace <= with > in segment_segment_distance
CaughtMutant	crates/geometry/src/extrema/segment.rs	crates/geometry/src/extrema/segment.rs:58:14: replace <= with > in segment_segment_distance
MissedMutant	crates/geometry/src/extrema/segment.rs	crates/geometry/src/extrema/segment.rs:55:16: replace / with % in segment_segment_distance
MissedMutant	crates/geometry/src/extrema/segment.rs	crates/geometry/src/extrema/segment.rs:55:16: replace / with * in segment_segment_distance
MissedMutant	crates/geometry/src/extrema/segment.rs	crates/geometry/src/extrema/segment.rs:61:21: replace / with % in segment_segment_distance
MissedMutant	crates/geometry/src/extrema/segment.rs	crates/geometry/src/extrema/segment.rs:61:21: replace / with * in segment_segment_distance
MissedMutant	crates/geometry/src/extrema/segment.rs	crates/geometry/src/extrema/segment.rs:61:18: delete - in segment_segment_distance
MissedMutant	crates/geometry/src/extrema/segment.rs	crates/geometry/src/extrema/segment.rs:65:31: replace - with + in segment_segment_distance
MissedMutant	crates/geometry/src/extrema/segment.rs	crates/geometry/src/extrema/segment.rs:65:31: replace - with / in segment_segment_distance
MissedMutant	crates/geometry/src/extrema/segment.rs	crates/geometry/src/extrema/segment.rs:65:27: replace * with + in segment_segment_distance
MissedMutant	crates/geometry/src/extrema/segment.rs	crates/geometry/src/extrema/segment.rs:65:27: replace * with / in segment_segment_distance
MissedMutant	crates/geometry/src/extrema/segment.rs	crates/geometry/src/extrema/segment.rs:65:35: replace * with + in segment_segment_distance
CaughtMutant	crates/geometry/src/extrema/segment.rs	crates/geometry/src/extrema/segment.rs:68:32: replace > with < in segment_segment_distance
MissedMutant	crates/geometry/src/extrema/segment.rs	crates/geometry/src/extrema/segment.rs:65:35: replace * with / in segment_segment_distance
MissedMutant	crates/geometry/src/extrema/segment.rs	crates/geometry/src/extrema/segment.rs:68:32: replace > with == in segment_segment_distance
MissedMutant	crates/geometry/src/extrema/segment.rs	crates/geometry/src/extrema/segment.rs:68:32: replace > with >= in segment_segment_distance
MissedMutant	crates/geometry/src/extrema/segment.rs	crates/geometry/src/extrema/segment.rs:69:34: replace / with % in segment_segment_distance
MissedMutant	crates/geometry/src/extrema/segment.rs	crates/geometry/src/extrema/segment.rs:69:34: replace / with * in segment_segment_distance
MissedMutant	crates/geometry/src/extrema/segment.rs	crates/geometry/src/extrema/segment.rs:69:25: replace - with + in segment_segment_distance
MissedMutant	crates/geometry/src/extrema/segment.rs	crates/geometry/src/extrema/segment.rs:69:25: replace - with / in segment_segment_distance
MissedMutant	crates/geometry/src/extrema/segment.rs	crates/geometry/src/extrema/segment.rs:69:21: replace * with + in segment_segment_distance
MissedMutant	crates/geometry/src/extrema/segment.rs	crates/geometry/src/extrema/segment.rs:69:21: replace * with / in segment_segment_distance
MissedMutant	crates/geometry/src/extrema/segment.rs	crates/geometry/src/extrema/segment.rs:69:29: replace * with + in segment_segment_distance
CaughtMutant	crates/geometry/src/extrema/segment.rs	crates/geometry/src/extrema/segment.rs:75:37: replace / with % in segment_segment_distance
CaughtMutant	crates/geometry/src/extrema/segment.rs	crates/geometry/src/extrema/segment.rs:75:37: replace / with * in segment_segment_distance
CaughtMutant	crates/geometry/src/extrema/segment.rs	crates/geometry/src/extrema/segment.rs:75:32: replace + with - in segment_segment_distance
CaughtMutant	crates/geometry/src/extrema/segment.rs	crates/geometry/src/extrema/segment.rs:75:32: replace + with * in segment_segment_distance
MissedMutant	crates/geometry/src/extrema/segment.rs	crates/geometry/src/extrema/segment.rs:69:29: replace * with / in segment_segment_distance
CaughtMutant	crates/geometry/src/extrema/segment.rs	crates/geometry/src/extrema/segment.rs:75:28: replace * with + in segment_segment_distance
CaughtMutant	crates/geometry/src/extrema/segment.rs	crates/geometry/src/extrema/segment.rs:75:28: replace * with / in segment_segment_distance
CaughtMutant	crates/geometry/src/extrema/segment.rs	crates/geometry/src/extrema/segment.rs:81:18: replace > with == in segment_segment_distance
CaughtMutant	crates/geometry/src/extrema/segment.rs	crates/geometry/src/extrema/segment.rs:81:18: replace > with < in segment_segment_distance
CaughtMutant	crates/geometry/src/extrema/segment.rs	crates/geometry/src/extrema/segment.rs:84:22: replace / with % in segment_segment_distance
CaughtMutant	crates/geometry/src/extrema/segment.rs	crates/geometry/src/extrema/segment.rs:84:22: replace / with * in segment_segment_distance
CaughtMutant	crates/geometry/src/extrema/segment.rs	crates/geometry/src/extrema/segment.rs:84:17: replace - with + in segment_segment_distance
CaughtMutant	crates/geometry/src/extrema/segment.rs	crates/geometry/src/extrema/segment.rs:84:17: replace - with / in segment_segment_distance
CaughtMutant	crates/geometry/src/extrema/segment.rs	crates/geometry/src/extrema/segment.rs:84:13: replace * with + in segment_segment_distance
MissedMutant	crates/geometry/src/extrema/segment.rs	crates/geometry/src/extrema/segment.rs:81:18: replace > with >= in segment_segment_distance
CaughtMutant	crates/geometry/src/extrema/segment.rs	crates/geometry/src/extrema/segment.rs:84:13: replace * with / in segment_segment_distance
Unviable	crates/geometry/src/extrema/segment.rs	crates/geometry/src/extrema/segment.rs:89:29: replace * with + in segment_segment_distance
Unviable	crates/geometry/src/extrema/segment.rs	crates/geometry/src/extrema/segment.rs:89:24: replace + with * in segment_segment_distance
Unviable	crates/geometry/src/extrema/segment.rs	crates/geometry/src/extrema/segment.rs:89:29: replace * with / in segment_segment_distance
Unviable	crates/geometry/src/extrema/segment.rs	crates/geometry/src/extrema/segment.rs:90:24: replace + with * in segment_segment_distance
CaughtMutant	crates/geometry/src/extrema/segment.rs	crates/geometry/src/extrema/segment.rs:89:24: replace + with - in segment_segment_distance
Unviable	crates/geometry/src/extrema/segment.rs	crates/geometry/src/extrema/segment.rs:90:29: replace * with + in segment_segment_distance
Unviable	crates/geometry/src/extrema/segment.rs	crates/geometry/src/extrema/segment.rs:90:29: replace * with / in segment_segment_distance
CaughtMutant	crates/geometry/src/extrema/segment.rs	crates/geometry/src/extrema/segment.rs:90:24: replace + with - in segment_segment_distance
Unviable	crates/geometry/src/extrema/segment.rs	crates/geometry/src/extrema/segment.rs:91:26: replace - with + in segment_segment_distance
Unviable	crates/geometry/src/extrema/segment.rs	crates/geometry/src/extrema/segment.rs:91:26: replace - with / in segment_segment_distance
CaughtMutant	crates/geometry/src/extrema/segment.rs	crates/geometry/src/extrema/segment.rs:92:59: replace + with - in segment_segment_distance
CaughtMutant	crates/geometry/src/extrema/segment.rs	crates/geometry/src/extrema/segment.rs:92:59: replace + with * in segment_segment_distance
CaughtMutant	crates/geometry/src/extrema/segment.rs	crates/geometry/src/extrema/segment.rs:92:37: replace + with - in segment_segment_distance
CaughtMutant	crates/geometry/src/extrema/segment.rs	crates/geometry/src/extrema/segment.rs:92:37: replace + with * in segment_segment_distance
CaughtMutant	crates/geometry/src/extrema/segment.rs	crates/geometry/src/extrema/segment.rs:92:26: replace * with + in segment_segment_distance
CaughtMutant	crates/geometry/src/extrema/segment.rs	crates/geometry/src/extrema/segment.rs:92:26: replace * with / in segment_segment_distance
CaughtMutant	crates/geometry/src/extrema/segment.rs	crates/geometry/src/extrema/segment.rs:92:48: replace * with + in segment_segment_distance
CaughtMutant	crates/geometry/src/extrema/segment.rs	crates/geometry/src/extrema/segment.rs:92:48: replace * with / in segment_segment_distance
CaughtMutant	crates/geometry/src/extrema/segment.rs	crates/geometry/src/extrema/segment.rs:92:70: replace * with + in segment_segment_distance
Unviable	crates/geometry/src/sampling/arc_length.rs	crates/geometry/src/sampling/arc_length.rs:25:5: replace sample_arc_length -> Vec<(f64, Point3)> with vec![(0.0, Default::default())]
CaughtMutant	crates/geometry/src/extrema/segment.rs	crates/geometry/src/extrema/segment.rs:92:70: replace * with / in segment_segment_distance
Unviable	crates/geometry/src/sampling/arc_length.rs	crates/geometry/src/sampling/arc_length.rs:25:5: replace sample_arc_length -> Vec<(f64, Point3)> with vec![(1.0, Default::default())]
CaughtMutant	crates/geometry/src/sampling/arc_length.rs	crates/geometry/src/sampling/arc_length.rs:25:5: replace sample_arc_length -> Vec<(f64, Point3)> with vec![]
Unviable	crates/geometry/src/sampling/arc_length.rs	crates/geometry/src/sampling/arc_length.rs:25:5: replace sample_arc_length -> Vec<(f64, Point3)> with vec![(-1.0, Default::default())]
CaughtMutant	crates/geometry/src/sampling/arc_length.rs	crates/geometry/src/sampling/arc_length.rs:25:10: replace == with != in sample_arc_length
CaughtMutant	crates/geometry/src/sampling/arc_length.rs	crates/geometry/src/sampling/arc_length.rs:28:10: replace == with != in sample_arc_length
CaughtMutant	crates/geometry/src/sampling/arc_length.rs	crates/geometry/src/sampling/arc_length.rs:42:22: replace == with != in sample_arc_length
CaughtMutant	crates/geometry/src/sampling/arc_length.rs	crates/geometry/src/sampling/arc_length.rs:45:52: replace / with % in sample_arc_length
CaughtMutant	crates/geometry/src/sampling/arc_length.rs	crates/geometry/src/sampling/arc_length.rs:45:21: replace + with * in sample_arc_length
CaughtMutant	crates/geometry/src/sampling/arc_length.rs	crates/geometry/src/sampling/arc_length.rs:45:52: replace / with * in sample_arc_length
CaughtMutant	crates/geometry/src/sampling/arc_length.rs	crates/geometry/src/sampling/arc_length.rs:45:32: replace * with / in sample_arc_length
MissedMutant	crates/geometry/src/sampling/arc_length.rs	crates/geometry/src/sampling/arc_length.rs:45:21: replace + with - in sample_arc_length
CaughtMutant	crates/geometry/src/sampling/arc_length.rs	crates/geometry/src/sampling/arc_length.rs:45:41: replace - with / in sample_arc_length
MissedMutant	crates/geometry/src/sampling/arc_length.rs	crates/geometry/src/sampling/arc_length.rs:45:32: replace * with + in sample_arc_length
CaughtMutant	crates/geometry/src/sampling/arc_length.rs	crates/geometry/src/sampling/arc_length.rs:49:28: replace - with + in sample_arc_length
CaughtMutant	crates/geometry/src/sampling/arc_length.rs	crates/geometry/src/sampling/arc_length.rs:49:28: replace - with / in sample_arc_length
CaughtMutant	crates/geometry/src/sampling/arc_length.rs	crates/geometry/src/sampling/arc_length.rs:50:28: replace - with + in sample_arc_length
MissedMutant	crates/geometry/src/sampling/arc_length.rs	crates/geometry/src/sampling/arc_length.rs:45:41: replace - with + in sample_arc_length
CaughtMutant	crates/geometry/src/sampling/arc_length.rs	crates/geometry/src/sampling/arc_length.rs:50:28: replace - with / in sample_arc_length
CaughtMutant	crates/geometry/src/sampling/arc_length.rs	crates/geometry/src/sampling/arc_length.rs:51:28: replace - with / in sample_arc_length
CaughtMutant	crates/geometry/src/sampling/arc_length.rs	crates/geometry/src/sampling/arc_length.rs:52:32: replace + with * in sample_arc_length
CaughtMutant	crates/geometry/src/sampling/arc_length.rs	crates/geometry/src/sampling/arc_length.rs:52:22: replace + with - in sample_arc_length
MissedMutant	crates/geometry/src/sampling/arc_length.rs	crates/geometry/src/sampling/arc_length.rs:51:28: replace - with + in sample_arc_length
MissedMutant	crates/geometry/src/sampling/arc_length.rs	crates/geometry/src/sampling/arc_length.rs:52:32: replace + with - in sample_arc_length
CaughtMutant	crates/geometry/src/sampling/arc_length.rs	crates/geometry/src/sampling/arc_length.rs:52:22: replace + with * in sample_arc_length
CaughtMutant	crates/geometry/src/sampling/arc_length.rs	crates/geometry/src/sampling/arc_length.rs:52:17: replace * with + in sample_arc_length
CaughtMutant	crates/geometry/src/sampling/arc_length.rs	crates/geometry/src/sampling/arc_length.rs:52:27: replace * with + in sample_arc_length
MissedMutant	crates/geometry/src/sampling/arc_length.rs	crates/geometry/src/sampling/arc_length.rs:52:17: replace * with / in sample_arc_length
CaughtMutant	crates/geometry/src/sampling/arc_length.rs	crates/geometry/src/sampling/arc_length.rs:52:37: replace * with / in sample_arc_length
MissedMutant	crates/geometry/src/sampling/arc_length.rs	crates/geometry/src/sampling/arc_length.rs:52:27: replace * with / in sample_arc_length
MissedMutant	crates/geometry/src/sampling/arc_length.rs	crates/geometry/src/sampling/arc_length.rs:52:37: replace * with + in sample_arc_length
CaughtMutant	crates/geometry/src/sampling/arc_length.rs	crates/geometry/src/sampling/arc_length.rs:55:41: replace + with - in sample_arc_length
CaughtMutant	crates/geometry/src/sampling/arc_length.rs	crates/geometry/src/sampling/arc_length.rs:55:41: replace + with * in sample_arc_length
CaughtMutant	crates/geometry/src/sampling/arc_length.rs	crates/geometry/src/sampling/arc_length.rs:55:36: replace - with + in sample_arc_length
CaughtMutant	crates/geometry/src/sampling/arc_length.rs	crates/geometry/src/sampling/arc_length.rs:55:36: replace - with / in sample_arc_length
CaughtMutant	crates/geometry/src/sampling/arc_length.rs	crates/geometry/src/sampling/arc_length.rs:66:27: replace == with != in sample_arc_length
CaughtMutant	crates/geometry/src/sampling/arc_length.rs	crates/geometry/src/sampling/arc_length.rs:69:34: replace / with % in sample_arc_length
CaughtMutant	crates/geometry/src/sampling/arc_length.rs	crates/geometry/src/sampling/arc_length.rs:69:34: replace / with * in sample_arc_length
MissedMutant	crates/geometry/src/sampling/arc_length.rs	crates/geometry/src/sampling/arc_length.rs:66:32: replace - with + in sample_arc_length
CaughtMutant	crates/geometry/src/sampling/arc_length.rs	crates/geometry/src/sampling/arc_length.rs:69:23: replace * with + in sample_arc_length
MissedMutant	crates/geometry/src/sampling/arc_length.rs	crates/geometry/src/sampling/arc_length.rs:66:32: replace - with / in sample_arc_length
CaughtMutant	crates/geometry/src/sampling/arc_length.rs	crates/geometry/src/sampling/arc_length.rs:69:23: replace * with / in sample_arc_length
CaughtMutant	crates/geometry/src/sampling/arc_length.rs	crates/geometry/src/sampling/arc_length.rs:69:39: replace - with + in sample_arc_length
CaughtMutant	crates/geometry/src/sampling/arc_length.rs	crates/geometry/src/sampling/arc_length.rs:69:39: replace - with / in sample_arc_length
CaughtMutant	crates/geometry/src/sampling/arc_length.rs	crates/geometry/src/sampling/arc_length.rs:74:37: replace < with == in sample_arc_length
CaughtMutant	crates/geometry/src/sampling/arc_length.rs	crates/geometry/src/sampling/arc_length.rs:74:37: replace < with > in sample_arc_length
MissedMutant	crates/geometry/src/sampling/arc_length.rs	crates/geometry/src/sampling/arc_length.rs:74:37: replace < with <= in sample_arc_length
MissedMutant	crates/geometry/src/sampling/arc_length.rs	crates/geometry/src/sampling/arc_length.rs:76:23: replace - with + in sample_arc_length
CaughtMutant	crates/geometry/src/sampling/arc_length.rs	crates/geometry/src/sampling/arc_length.rs:79:36: replace + with - in sample_arc_length
MissedMutant	crates/geometry/src/sampling/arc_length.rs	crates/geometry/src/sampling/arc_length.rs:76:23: replace - with / in sample_arc_length
CaughtMutant	crates/geometry/src/sampling/arc_length.rs	crates/geometry/src/sampling/arc_length.rs:81:34: replace + with - in sample_arc_length
MissedMutant	crates/geometry/src/sampling/arc_length.rs	crates/geometry/src/sampling/arc_length.rs:79:36: replace + with * in sample_arc_length
MissedMutant	crates/geometry/src/sampling/arc_length.rs	crates/geometry/src/sampling/arc_length.rs:81:34: replace + with * in sample_arc_length
MissedMutant	crates/geometry/src/sampling/arc_length.rs	crates/geometry/src/sampling/arc_length.rs:85:43: replace < with == in sample_arc_length
MissedMutant	crates/geometry/src/sampling/arc_length.rs	crates/geometry/src/sampling/arc_length.rs:85:43: replace < with > in sample_arc_length
MissedMutant	crates/geometry/src/sampling/arc_length.rs	crates/geometry/src/sampling/arc_length.rs:85:43: replace < with <= in sample_arc_length
MissedMutant	crates/geometry/src/sampling/arc_length.rs	crates/geometry/src/sampling/arc_length.rs:85:31: replace - with + in sample_arc_length
MissedMutant	crates/geometry/src/sampling/arc_length.rs	crates/geometry/src/sampling/arc_length.rs:85:31: replace - with / in sample_arc_length
MissedMutant	crates/geometry/src/sampling/arc_length.rs	crates/geometry/src/sampling/arc_length.rs:88:16: replace + with - in sample_arc_length
MissedMutant	crates/geometry/src/sampling/arc_length.rs	crates/geometry/src/sampling/arc_length.rs:88:16: replace + with * in sample_arc_length
MissedMutant	crates/geometry/src/sampling/arc_length.rs	crates/geometry/src/sampling/arc_length.rs:88:44: replace * with + in sample_arc_length
MissedMutant	crates/geometry/src/sampling/arc_length.rs	crates/geometry/src/sampling/arc_length.rs:88:44: replace * with / in sample_arc_length
MissedMutant	crates/geometry/src/sampling/arc_length.rs	crates/geometry/src/sampling/arc_length.rs:88:32: replace / with % in sample_arc_length
MissedMutant	crates/geometry/src/sampling/arc_length.rs	crates/geometry/src/sampling/arc_length.rs:88:32: replace / with * in sample_arc_length
MissedMutant	crates/geometry/src/sampling/arc_length.rs	crates/geometry/src/sampling/arc_length.rs:88:26: replace - with + in sample_arc_length
MissedMutant	crates/geometry/src/sampling/arc_length.rs	crates/geometry/src/sampling/arc_length.rs:88:26: replace - with / in sample_arc_length
MissedMutant	crates/geometry/src/sampling/arc_length.rs	crates/geometry/src/sampling/arc_length.rs:88:38: replace - with + in sample_arc_length
MissedMutant	crates/geometry/src/sampling/arc_length.rs	crates/geometry/src/sampling/arc_length.rs:88:38: replace - with / in sample_arc_length
MissedMutant	crates/geometry/src/sampling/arc_length.rs	crates/geometry/src/sampling/arc_length.rs:88:50: replace - with + in sample_arc_length
CaughtMutant	crates/geometry/src/sampling/arc_length.rs	crates/geometry/src/sampling/arc_length.rs:95:28: replace == with != in sample_arc_length
CaughtMutant	crates/geometry/src/sampling/arc_length.rs	crates/geometry/src/sampling/arc_length.rs:97:21: replace == with != in sample_arc_length
CaughtMutant	crates/geometry/src/sampling/arc_length.rs	crates/geometry/src/sampling/arc_length.rs:97:26: replace - with + in sample_arc_length
MissedMutant	crates/geometry/src/sampling/arc_length.rs	crates/geometry/src/sampling/arc_length.rs:88:50: replace - with / in sample_arc_length
CaughtMutant	crates/geometry/src/sampling/arc_length.rs	crates/geometry/src/sampling/arc_length.rs:97:26: replace - with / in sample_arc_length
CaughtMutant	crates/geometry/src/sampling/arc_length.rs	crates/geometry/src/sampling/arc_length.rs:124:5: replace bisect_arc_length -> f64 with 1.0
CaughtMutant	crates/geometry/src/sampling/arc_length.rs	crates/geometry/src/sampling/arc_length.rs:124:5: replace bisect_arc_length -> f64 with 0.0
CaughtMutant	crates/geometry/src/sampling/arc_length.rs	crates/geometry/src/sampling/arc_length.rs:124:5: replace bisect_arc_length -> f64 with -1.0
CaughtMutant	crates/geometry/src/sampling/arc_length.rs	crates/geometry/src/sampling/arc_length.rs:129:23: replace * with + in bisect_arc_length
CaughtMutant	crates/geometry/src/sampling/arc_length.rs	crates/geometry/src/sampling/arc_length.rs:129:23: replace * with / in bisect_arc_length
CaughtMutant	crates/geometry/src/sampling/arc_length.rs	crates/geometry/src/sampling/arc_length.rs:129:29: replace + with - in bisect_arc_length
CaughtMutant	crates/geometry/src/sampling/arc_length.rs	crates/geometry/src/sampling/arc_length.rs:129:29: replace + with * in bisect_arc_length
MissedMutant	crates/geometry/src/sampling/arc_length.rs	crates/geometry/src/sampling/arc_length.rs:133:28: replace - with + in bisect_arc_length
MissedMutant	crates/geometry/src/sampling/arc_length.rs	crates/geometry/src/sampling/arc_length.rs:133:28: replace - with / in bisect_arc_length
MissedMutant	crates/geometry/src/sampling/arc_length.rs	crates/geometry/src/sampling/arc_length.rs:134:28: replace - with + in bisect_arc_length
MissedMutant	crates/geometry/src/sampling/arc_length.rs	crates/geometry/src/sampling/arc_length.rs:134:28: replace - with / in bisect_arc_length
MissedMutant	crates/geometry/src/sampling/arc_length.rs	crates/geometry/src/sampling/arc_length.rs:135:28: replace - with + in bisect_arc_length
MissedMutant	crates/geometry/src/sampling/arc_length.rs	crates/geometry/src/sampling/arc_length.rs:135:28: replace - with / in bisect_arc_length
MissedMutant	crates/geometry/src/sampling/arc_length.rs	crates/geometry/src/sampling/arc_length.rs:136:40: replace + with - in bisect_arc_length
MissedMutant	crates/geometry/src/sampling/arc_length.rs	crates/geometry/src/sampling/arc_length.rs:136:40: replace + with * in bisect_arc_length
MissedMutant	crates/geometry/src/sampling/arc_length.rs	crates/geometry/src/sampling/arc_length.rs:136:30: replace + with - in bisect_arc_length
MissedMutant	crates/geometry/src/sampling/arc_length.rs	crates/geometry/src/sampling/arc_length.rs:136:30: replace + with * in bisect_arc_length
MissedMutant	crates/geometry/src/sampling/arc_length.rs	crates/geometry/src/sampling/arc_length.rs:136:25: replace * with + in bisect_arc_length
MissedMutant	crates/geometry/src/sampling/arc_length.rs	crates/geometry/src/sampling/arc_length.rs:136:25: replace * with / in bisect_arc_length
MissedMutant	crates/geometry/src/sampling/arc_length.rs	crates/geometry/src/sampling/arc_length.rs:136:35: replace * with + in bisect_arc_length
MissedMutant	crates/geometry/src/sampling/arc_length.rs	crates/geometry/src/sampling/arc_length.rs:136:35: replace * with / in bisect_arc_length
MissedMutant	crates/geometry/src/sampling/arc_length.rs	crates/geometry/src/sampling/arc_length.rs:136:45: replace * with + in bisect_arc_length
MissedMutant	crates/geometry/src/sampling/arc_length.rs	crates/geometry/src/sampling/arc_length.rs:136:45: replace * with / in bisect_arc_length
MissedMutant	crates/geometry/src/sampling/arc_length.rs	crates/geometry/src/sampling/arc_length.rs:137:36: replace + with - in bisect_arc_length
MissedMutant	crates/geometry/src/sampling/arc_length.rs	crates/geometry/src/sampling/arc_length.rs:137:36: replace + with * in bisect_arc_length
MissedMutant	crates/geometry/src/sampling/arc_length.rs	crates/geometry/src/sampling/arc_length.rs:139:23: replace < with == in bisect_arc_length
CaughtMutant	crates/geometry/src/sampling/arc_length.rs	crates/geometry/src/sampling/arc_length.rs:147:9: replace * with + in bisect_arc_length
MissedMutant	crates/geometry/src/sampling/arc_length.rs	crates/geometry/src/sampling/arc_length.rs:139:23: replace < with > in bisect_arc_length
CaughtMutant	crates/geometry/src/sampling/arc_length.rs	crates/geometry/src/sampling/arc_length.rs:147:9: replace * with / in bisect_arc_length
CaughtMutant	crates/geometry/src/sampling/arc_length.rs	crates/geometry/src/sampling/arc_length.rs:147:15: replace + with - in bisect_arc_length
MissedMutant	crates/geometry/src/sampling/arc_length.rs	crates/geometry/src/sampling/arc_length.rs:139:23: replace < with <= in bisect_arc_length
CaughtMutant	crates/geometry/src/sampling/arc_length.rs	crates/geometry/src/sampling/arc_length.rs:147:15: replace + with * in bisect_arc_length
CaughtMutant	crates/geometry/src/sampling/curvature.rs	crates/geometry/src/sampling/curvature.rs:15:5: replace curvature_at -> f64 with 0.0
CaughtMutant	crates/geometry/src/sampling/curvature.rs	crates/geometry/src/sampling/curvature.rs:15:5: replace curvature_at -> f64 with 1.0
CaughtMutant	crates/geometry/src/sampling/curvature.rs	crates/geometry/src/sampling/curvature.rs:15:5: replace curvature_at -> f64 with -1.0
CaughtMutant	crates/geometry/src/sampling/curvature.rs	crates/geometry/src/sampling/curvature.rs:16:19: replace < with == in curvature_at
CaughtMutant	crates/geometry/src/sampling/curvature.rs	crates/geometry/src/sampling/curvature.rs:16:19: replace < with <= in curvature_at
CaughtMutant	crates/geometry/src/sampling/curvature.rs	crates/geometry/src/sampling/curvature.rs:22:15: replace < with > in curvature_at
MissedMutant	crates/geometry/src/sampling/curvature.rs	crates/geometry/src/sampling/curvature.rs:16:19: replace < with > in curvature_at
MissedMutant	crates/geometry/src/sampling/curvature.rs	crates/geometry/src/sampling/curvature.rs:22:15: replace < with == in curvature_at
MissedMutant	crates/geometry/src/sampling/curvature.rs	crates/geometry/src/sampling/curvature.rs:22:15: replace < with <= in curvature_at
MissedMutant	crates/geometry/src/sampling/curvature.rs	crates/geometry/src/sampling/curvature.rs:26:20: replace / with % in curvature_at
MissedMutant	crates/geometry/src/sampling/curvature.rs	crates/geometry/src/sampling/curvature.rs:26:39: replace * with + in curvature_at
MissedMutant	crates/geometry/src/sampling/curvature.rs	crates/geometry/src/sampling/curvature.rs:26:20: replace / with * in curvature_at
MissedMutant	crates/geometry/src/sampling/curvature.rs	crates/geometry/src/sampling/curvature.rs:26:39: replace * with / in curvature_at
CaughtMutant	crates/geometry/src/sampling/curvature.rs	crates/geometry/src/sampling/curvature.rs:31:5: replace chord -> f64 with 0.0
MissedMutant	crates/geometry/src/sampling/curvature.rs	crates/geometry/src/sampling/curvature.rs:26:30: replace * with + in curvature_at
MissedMutant	crates/geometry/src/sampling/curvature.rs	crates/geometry/src/sampling/curvature.rs:26:30: replace * with / in curvature_at
CaughtMutant	crates/geometry/src/sampling/curvature.rs	crates/geometry/src/sampling/curvature.rs:31:5: replace chord -> f64 with -1.0
MissedMutant	crates/geometry/src/sampling/curvature.rs	crates/geometry/src/sampling/curvature.rs:31:5: replace chord -> f64 with 1.0
MissedMutant	crates/geometry/src/sampling/curvature.rs	crates/geometry/src/sampling/curvature.rs:31:20: replace - with + in chord
MissedMutant	crates/geometry/src/sampling/curvature.rs	crates/geometry/src/sampling/curvature.rs:31:20: replace - with / in chord
MissedMutant	crates/geometry/src/sampling/curvature.rs	crates/geometry/src/sampling/curvature.rs:33:20: replace - with + in chord
MissedMutant	crates/geometry/src/sampling/curvature.rs	crates/geometry/src/sampling/curvature.rs:32:20: replace - with + in chord
MissedMutant	crates/geometry/src/sampling/curvature.rs	crates/geometry/src/sampling/curvature.rs:32:20: replace - with / in chord
MissedMutant	crates/geometry/src/sampling/curvature.rs	crates/geometry/src/sampling/curvature.rs:34:24: replace + with - in chord
MissedMutant	crates/geometry/src/sampling/curvature.rs	crates/geometry/src/sampling/curvature.rs:34:24: replace + with * in chord
CaughtMutant	crates/geometry/src/sampling/curvature.rs	crates/geometry/src/sampling/curvature.rs:33:20: replace - with / in chord
MissedMutant	crates/geometry/src/sampling/curvature.rs	crates/geometry/src/sampling/curvature.rs:34:14: replace + with * in chord
MissedMutant	crates/geometry/src/sampling/curvature.rs	crates/geometry/src/sampling/curvature.rs:34:14: replace + with - in chord
MissedMutant	crates/geometry/src/sampling/curvature.rs	crates/geometry/src/sampling/curvature.rs:34:9: replace * with + in chord
MissedMutant	crates/geometry/src/sampling/curvature.rs	crates/geometry/src/sampling/curvature.rs:34:19: replace * with + in chord
MissedMutant	crates/geometry/src/sampling/curvature.rs	crates/geometry/src/sampling/curvature.rs:34:9: replace * with / in chord
MissedMutant	crates/geometry/src/sampling/curvature.rs	crates/geometry/src/sampling/curvature.rs:34:29: replace * with + in chord
CaughtMutant	crates/geometry/src/sampling/curvature.rs	crates/geometry/src/sampling/curvature.rs:53:5: replace subdivide with ()
MissedMutant	crates/geometry/src/sampling/curvature.rs	crates/geometry/src/sampling/curvature.rs:34:19: replace * with / in chord
CaughtMutant	crates/geometry/src/sampling/curvature.rs	crates/geometry/src/sampling/curvature.rs:60:19: replace * with + in subdivide
CaughtMutant	crates/geometry/src/sampling/curvature.rs	crates/geometry/src/sampling/curvature.rs:34:29: replace * with / in chord
CaughtMutant	crates/geometry/src/sampling/curvature.rs	crates/geometry/src/sampling/curvature.rs:60:19: replace * with / in subdivide
CaughtMutant	crates/geometry/src/sampling/curvature.rs	crates/geometry/src/sampling/curvature.rs:60:26: replace + with - in subdivide
CaughtMutant	crates/geometry/src/sampling/curvature.rs	crates/geometry/src/sampling/curvature.rs:62:40: replace + with - in subdivide
CaughtMutant	crates/geometry/src/sampling/curvature.rs	crates/geometry/src/sampling/curvature.rs:60:26: replace + with * in subdivide
MissedMutant	crates/geometry/src/sampling/curvature.rs	crates/geometry/src/sampling/curvature.rs:62:40: replace + with * in subdivide
CaughtMutant	crates/geometry/src/sampling/curvature.rs	crates/geometry/src/sampling/curvature.rs:69:33: replace <= with > in subdivide
MissedMutant	crates/geometry/src/sampling/curvature.rs	crates/geometry/src/sampling/curvature.rs:69:18: replace * with + in subdivide
CaughtMutant	crates/geometry/src/sampling/curvature.rs	crates/geometry/src/sampling/curvature.rs:74:59: replace + with - in subdivide
MissedMutant	crates/geometry/src/sampling/curvature.rs	crates/geometry/src/sampling/curvature.rs:74:59: replace + with * in subdivide
Timeout	crates/geometry/src/sampling/curvature.rs	crates/geometry/src/sampling/curvature.rs:53:14: replace >= with < in subdivide
CaughtMutant	crates/geometry/src/sampling/curvature.rs	crates/geometry/src/sampling/curvature.rs:76:59: replace + with - in subdivide
MissedMutant	crates/geometry/src/sampling/curvature.rs	crates/geometry/src/sampling/curvature.rs:69:18: replace * with / in subdivide
Unviable	crates/geometry/src/sampling/curvature.rs	crates/geometry/src/sampling/curvature.rs:93:5: replace sample_curvature -> Vec<(f64, Point3)> with vec![(0.0, Default::default())]
Unviable	crates/geometry/src/sampling/curvature.rs	crates/geometry/src/sampling/curvature.rs:93:5: replace sample_curvature -> Vec<(f64, Point3)> with vec![(1.0, Default::default())]
Unviable	crates/geometry/src/sampling/curvature.rs	crates/geometry/src/sampling/curvature.rs:93:5: replace sample_curvature -> Vec<(f64, Point3)> with vec![(-1.0, Default::default())]
CaughtMutant	crates/geometry/src/sampling/curvature.rs	crates/geometry/src/sampling/curvature.rs:93:5: replace sample_curvature -> Vec<(f64, Point3)> with vec![]
MissedMutant	crates/geometry/src/sampling/curvature.rs	crates/geometry/src/sampling/curvature.rs:76:59: replace + with * in subdivide
CaughtMutant	crates/geometry/src/sampling/curvature.rs	crates/geometry/src/sampling/curvature.rs:99:18: replace > with == in sample_curvature
CaughtMutant	crates/geometry/src/sampling/curvature.rs	crates/geometry/src/sampling/curvature.rs:99:18: replace > with < in sample_curvature
CaughtMutant	crates/geometry/src/sampling/deflection.rs	crates/geometry/src/sampling/deflection.rs:14:5: replace chord_deviation -> f64 with 0.0
CaughtMutant	crates/geometry/src/sampling/deflection.rs	crates/geometry/src/sampling/deflection.rs:14:5: replace chord_deviation -> f64 with 1.0
Unviable	crates/geometry/src/sampling/deflection.rs	crates/geometry/src/sampling/deflection.rs:14:22: replace - with + in chord_deviation
Unviable	crates/geometry/src/sampling/deflection.rs	crates/geometry/src/sampling/deflection.rs:14:22: replace - with / in chord_deviation
CaughtMutant	crates/geometry/src/sampling/deflection.rs	crates/geometry/src/sampling/deflection.rs:14:5: replace chord_deviation -> f64 with -1.0
CaughtMutant	crates/geometry/src/sampling/curvature.rs	crates/geometry/src/sampling/curvature.rs:99:18: replace > with >= in sample_curvature
CaughtMutant	crates/geometry/src/sampling/deflection.rs	crates/geometry/src/sampling/deflection.rs:16:15: replace < with > in chord_deviation
Unviable	crates/geometry/src/sampling/deflection.rs	crates/geometry/src/sampling/deflection.rs:19:22: replace - with + in chord_deviation
Unviable	crates/geometry/src/sampling/deflection.rs	crates/geometry/src/sampling/deflection.rs:19:22: replace - with / in chord_deviation
CaughtMutant	crates/geometry/src/sampling/deflection.rs	crates/geometry/src/sampling/deflection.rs:20:27: replace / with % in chord_deviation
MissedMutant	crates/geometry/src/sampling/deflection.rs	crates/geometry/src/sampling/deflection.rs:16:15: replace < with == in chord_deviation
CaughtMutant	crates/geometry/src/sampling/deflection.rs	crates/geometry/src/sampling/deflection.rs:20:27: replace / with * in chord_deviation
MissedMutant	crates/geometry/src/sampling/deflection.rs	crates/geometry/src/sampling/deflection.rs:16:15: replace < with <= in chord_deviation
CaughtMutant	crates/geometry/src/sampling/deflection.rs	crates/geometry/src/sampling/deflection.rs:40:5: replace subdivide with ()
CaughtMutant	crates/geometry/src/sampling/deflection.rs	crates/geometry/src/sampling/deflection.rs:40:14: replace >= with < in subdivide
CaughtMutant	crates/geometry/src/sampling/deflection.rs	crates/geometry/src/sampling/deflection.rs:43:19: replace * with + in subdivide
CaughtMutant	crates/geometry/src/sampling/deflection.rs	crates/geometry/src/sampling/deflection.rs:43:19: replace * with / in subdivide
CaughtMutant	crates/geometry/src/sampling/deflection.rs	crates/geometry/src/sampling/deflection.rs:43:26: replace + with - in subdivide
CaughtMutant	crates/geometry/src/sampling/deflection.rs	crates/geometry/src/sampling/deflection.rs:43:26: replace + with * in subdivide
CaughtMutant	crates/geometry/src/sampling/deflection.rs	crates/geometry/src/sampling/deflection.rs:46:39: replace <= with > in subdivide
CaughtMutant	crates/geometry/src/sampling/deflection.rs	crates/geometry/src/sampling/deflection.rs:51:64: replace + with - in subdivide
CaughtMutant	crates/geometry/src/sampling/deflection.rs	crates/geometry/src/sampling/deflection.rs:53:64: replace + with - in subdivide
CaughtMutant	crates/geometry/src/sampling/deflection.rs	crates/geometry/src/sampling/deflection.rs:71:5: replace sample_deflection -> Vec<(f64, Point3)> with vec![]
Unviable	crates/geometry/src/sampling/deflection.rs	crates/geometry/src/sampling/deflection.rs:71:5: replace sample_deflection -> Vec<(f64, Point3)> with vec![(0.0, Default::default())]
Unviable	crates/geometry/src/sampling/deflection.rs	crates/geometry/src/sampling/deflection.rs:71:5: replace sample_deflection -> Vec<(f64, Point3)> with vec![(1.0, Default::default())]
Unviable	crates/geometry/src/sampling/deflection.rs	crates/geometry/src/sampling/deflection.rs:71:5: replace sample_deflection -> Vec<(f64, Point3)> with vec![(-1.0, Default::default())]
MissedMutant	crates/geometry/src/sampling/deflection.rs	crates/geometry/src/sampling/deflection.rs:51:64: replace + with * in subdivide
CaughtMutant	crates/geometry/src/sampling/deflection.rs	crates/geometry/src/sampling/deflection.rs:77:23: replace > with == in sample_deflection
CaughtMutant	crates/geometry/src/sampling/deflection.rs	crates/geometry/src/sampling/deflection.rs:77:23: replace > with < in sample_deflection
CaughtMutant	crates/geometry/src/sampling/deflection.rs	crates/geometry/src/sampling/deflection.rs:77:23: replace > with >= in sample_deflection
MissedMutant	crates/geometry/src/sampling/deflection.rs	crates/geometry/src/sampling/deflection.rs:53:64: replace + with * in subdivide
Unviable	crates/geometry/src/sampling/surface.rs	crates/geometry/src/sampling/surface.rs:25:5: replace surface_grid -> Vec<Vec<Point3>> with vec![vec![Default::default()]]
CaughtMutant	crates/geometry/src/sampling/surface.rs	crates/geometry/src/sampling/surface.rs:25:5: replace surface_grid -> Vec<Vec<Point3>> with vec![]
CaughtMutant	crates/geometry/src/sampling/surface.rs	crates/geometry/src/sampling/surface.rs:25:5: replace surface_grid -> Vec<Vec<Point3>> with vec![vec![]]
CaughtMutant	crates/geometry/src/sampling/surface.rs	crates/geometry/src/sampling/surface.rs:25:16: replace || with && in surface_grid
CaughtMutant	crates/geometry/src/sampling/surface.rs	crates/geometry/src/sampling/surface.rs:25:11: replace == with != in surface_grid
CaughtMutant	crates/geometry/src/sampling/surface.rs	crates/geometry/src/sampling/surface.rs:25:22: replace == with != in surface_grid
CaughtMutant	crates/geometry/src/sampling/surface.rs	crates/geometry/src/sampling/surface.rs:31:27: replace == with != in surface_grid
CaughtMutant	crates/geometry/src/sampling/surface.rs	crates/geometry/src/sampling/surface.rs:33:25: replace == with != in surface_grid
MissedMutant	crates/geometry/src/sampling/surface.rs	crates/geometry/src/sampling/surface.rs:33:31: replace - with + in surface_grid
MissedMutant	crates/geometry/src/sampling/surface.rs	crates/geometry/src/sampling/surface.rs:33:31: replace - with / in surface_grid
MissedMutant	crates/geometry/src/sampling/surface.rs	crates/geometry/src/sampling/surface.rs:36:27: replace + with - in surface_grid
MissedMutant	crates/geometry/src/sampling/surface.rs	crates/geometry/src/sampling/surface.rs:36:27: replace + with * in surface_grid
CaughtMutant	crates/geometry/src/sampling/surface.rs	crates/geometry/src/sampling/surface.rs:36:38: replace * with + in surface_grid
MissedMutant	crates/geometry/src/sampling/surface.rs	crates/geometry/src/sampling/surface.rs:36:64: replace / with % in surface_grid
MissedMutant	crates/geometry/src/sampling/surface.rs	crates/geometry/src/sampling/surface.rs:36:64: replace / with * in surface_grid
CaughtMutant	crates/geometry/src/sampling/surface.rs	crates/geometry/src/sampling/surface.rs:36:51: replace - with / in surface_grid
MissedMutant	crates/geometry/src/sampling/surface.rs	crates/geometry/src/sampling/surface.rs:36:38: replace * with / in surface_grid
MissedMutant	crates/geometry/src/sampling/surface.rs	crates/geometry/src/sampling/surface.rs:36:51: replace - with + in surface_grid
CaughtMutant	crates/geometry/src/sampling/surface.rs	crates/geometry/src/sampling/surface.rs:41:35: replace == with != in surface_grid
MissedMutant	crates/geometry/src/sampling/surface.rs	crates/geometry/src/sampling/surface.rs:36:70: replace - with + in surface_grid
CaughtMutant	crates/geometry/src/sampling/surface.rs	crates/geometry/src/sampling/surface.rs:43:33: replace == with != in surface_grid
MissedMutant	crates/geometry/src/sampling/surface.rs	crates/geometry/src/sampling/surface.rs:36:70: replace - with / in surface_grid
MissedMutant	crates/geometry/src/sampling/surface.rs	crates/geometry/src/sampling/surface.rs:43:39: replace - with + in surface_grid
MissedMutant	crates/geometry/src/sampling/surface.rs	crates/geometry/src/sampling/surface.rs:43:39: replace - with / in surface_grid
MissedMutant	crates/geometry/src/sampling/surface.rs	crates/geometry/src/sampling/surface.rs:46:35: replace + with - in surface_grid
MissedMutant	crates/geometry/src/sampling/surface.rs	crates/geometry/src/sampling/surface.rs:46:35: replace + with * in surface_grid
MissedMutant	crates/geometry/src/sampling/surface.rs	crates/geometry/src/sampling/surface.rs:46:72: replace / with % in surface_grid
CaughtMutant	crates/geometry/src/sampling/surface.rs	crates/geometry/src/sampling/surface.rs:46:46: replace * with + in surface_grid
MissedMutant	crates/geometry/src/sampling/surface.rs	crates/geometry/src/sampling/surface.rs:46:72: replace / with * in surface_grid
CaughtMutant	crates/geometry/src/sampling/surface.rs	crates/geometry/src/sampling/surface.rs:46:59: replace - with / in surface_grid
MissedMutant	crates/geometry/src/sampling/surface.rs	crates/geometry/src/sampling/surface.rs:46:46: replace * with / in surface_grid
MissedMutant	crates/geometry/src/sampling/surface.rs	crates/geometry/src/sampling/surface.rs:46:59: replace - with + in surface_grid
CaughtMutant	crates/geometry/src/sampling/uniform.rs	crates/geometry/src/sampling/uniform.rs:18:5: replace sample_uniform -> Vec<Point3> with vec![]
Unviable	crates/geometry/src/sampling/uniform.rs	crates/geometry/src/sampling/uniform.rs:18:5: replace sample_uniform -> Vec<Point3> with vec![Default::default()]
MissedMutant	crates/geometry/src/sampling/surface.rs	crates/geometry/src/sampling/surface.rs:46:78: replace - with + in surface_grid
Unviable	crates/geometry/src/sampling/uniform.rs	crates/geometry/src/sampling/uniform.rs:36:5: replace sample_uniform_with_params -> Vec<(f64, Point3)> with vec![(0.0, Default::default())]
Unviable	crates/geometry/src/sampling/uniform.rs	crates/geometry/src/sampling/uniform.rs:36:5: replace sample_uniform_with_params -> Vec<(f64, Point3)> with vec![(1.0, Default::default())]
CaughtMutant	crates/geometry/src/sampling/uniform.rs	crates/geometry/src/sampling/uniform.rs:36:5: replace sample_uniform_with_params -> Vec<(f64, Point3)> with vec![]
Unviable	crates/geometry/src/sampling/uniform.rs	crates/geometry/src/sampling/uniform.rs:36:5: replace sample_uniform_with_params -> Vec<(f64, Point3)> with vec![(-1.0, Default::default())]
MissedMutant	crates/geometry/src/sampling/surface.rs	crates/geometry/src/sampling/surface.rs:46:78: replace - with / in surface_grid
CaughtMutant	crates/geometry/src/sampling/uniform.rs	crates/geometry/src/sampling/uniform.rs:36:10: replace == with != in sample_uniform_with_params
CaughtMutant	crates/geometry/src/sampling/uniform.rs	crates/geometry/src/sampling/uniform.rs:39:10: replace == with != in sample_uniform_with_params
MissedMutant	crates/geometry/src/sampling/uniform.rs	crates/geometry/src/sampling/uniform.rs:42:34: replace / with % in sample_uniform_with_params
MissedMutant	crates/geometry/src/sampling/uniform.rs	crates/geometry/src/sampling/uniform.rs:42:34: replace / with * in sample_uniform_with_params
MissedMutant	crates/geometry/src/sampling/uniform.rs	crates/geometry/src/sampling/uniform.rs:42:23: replace - with + in sample_uniform_with_params
CaughtMutant	crates/geometry/src/sampling/uniform.rs	crates/geometry/src/sampling/uniform.rs:42:23: replace - with / in sample_uniform_with_params
CaughtMutant	crates/geometry/src/sampling/uniform.rs	crates/geometry/src/sampling/uniform.rs:45:26: replace == with != in sample_uniform_with_params
MissedMutant	crates/geometry/src/sampling/uniform.rs	crates/geometry/src/sampling/uniform.rs:42:39: replace - with + in sample_uniform_with_params
MissedMutant	crates/geometry/src/sampling/uniform.rs	crates/geometry/src/sampling/uniform.rs:42:39: replace - with / in sample_uniform_with_params
MissedMutant	crates/geometry/src/sampling/uniform.rs	crates/geometry/src/sampling/uniform.rs:45:31: replace - with + in sample_uniform_with_params
MissedMutant	crates/geometry/src/sampling/uniform.rs	crates/geometry/src/sampling/uniform.rs:45:31: replace - with / in sample_uniform_with_params
MissedMutant	crates/geometry/src/sampling/uniform.rs	crates/geometry/src/sampling/uniform.rs:48:25: replace + with - in sample_uniform_with_params
CaughtMutant	crates/geometry/src/sampling/uniform.rs	crates/geometry/src/sampling/uniform.rs:48:36: replace * with + in sample_uniform_with_params
MissedMutant	crates/geometry/src/sampling/uniform.rs	crates/geometry/src/sampling/uniform.rs:48:25: replace + with * in sample_uniform_with_params
MissedMutant	crates/geometry/src/sampling/uniform.rs	crates/geometry/src/sampling/uniform.rs:48:36: replace * with / in sample_uniform_with_params
