Unviable	crates/topology/src/arena.rs	crates/topology/src/arena.rs:27:9: replace <impl Clone for Id<T>>::clone -> Self with Default::default()
CaughtMutant	crates/topology/src/arena.rs	crates/topology/src/arena.rs:21:9: replace <impl std::fmt::Debug for Id<T>>::fmt -> std::fmt::Result with Ok(Default::default())
CaughtMutant	crates/topology/src/arena.rs	crates/topology/src/arena.rs:35:9: replace <impl PartialEq for Id<T>>::eq -> bool with false
CaughtMutant	crates/topology/src/arena.rs	crates/topology/src/arena.rs:35:9: replace <impl PartialEq for Id<T>>::eq -> bool with true
CaughtMutant	crates/topology/src/arena.rs	crates/topology/src/arena.rs:35:20: replace == with != in <impl PartialEq for Id<T>>::eq
Unviable	crates/topology/src/arena.rs	crates/topology/src/arena.rs:43:9: replace <impl PartialOrd for Id<T>>::partial_cmp -> Option<std::cmp::Ordering> with Some(Default::default())
CaughtMutant	crates/topology/src/arena.rs	crates/topology/src/arena.rs:43:9: replace <impl PartialOrd for Id<T>>::partial_cmp -> Option<std::cmp::Ordering> with None
Unviable	crates/topology/src/arena.rs	crates/topology/src/arena.rs:49:9: replace <impl Ord for Id<T>>::cmp -> std::cmp::Ordering with Default::default()
CaughtMutant	crates/topology/src/arena.rs	crates/topology/src/arena.rs:55:9: replace <impl std::hash::Hash for Id<T>>::hash with ()
CaughtMutant	crates/topology/src/arena.rs	crates/topology/src/arena.rs:63:9: replace Id<T>::index -> usize with 0
CaughtMutant	crates/topology/src/arena.rs	crates/topology/src/arena.rs:63:9: replace Id<T>::index -> usize with 1
CaughtMutant	crates/topology/src/arena.rs	crates/topology/src/arena.rs:102:9: replace Arena<T>::with_capacity -> Self with Default::default()
CaughtMutant	crates/topology/src/arena.rs	crates/topology/src/arena.rs:127:9: replace Arena<T>::reserve with ()
CaughtMutant	crates/topology/src/arena.rs	crates/topology/src/arena.rs:128:53: replace - with + in Arena<T>::reserve
CaughtMutant	crates/topology/src/arena.rs	crates/topology/src/arena.rs:128:53: replace - with / in Arena<T>::reserve
CaughtMutant	crates/topology/src/arena.rs	crates/topology/src/arena.rs:129:51: replace - with / in Arena<T>::reserve
CaughtMutant	crates/topology/src/arena.rs	crates/topology/src/arena.rs:129:51: replace - with + in Arena<T>::reserve
CaughtMutant	crates/topology/src/arena.rs	crates/topology/src/arena.rs:130:42: replace && with || in Arena<T>::reserve
CaughtMutant	crates/topology/src/arena.rs	crates/topology/src/arena.rs:130:60: replace >= with < in Arena<T>::reserve
CaughtMutant	crates/topology/src/arena.rs	crates/topology/src/arena.rs:130:28: replace >= with < in Arena<T>::reserve
CaughtMutant	crates/topology/src/arena.rs	crates/topology/src/arena.rs:133:41: replace / with % in Arena<T>::reserve
Unviable	crates/topology/src/arena.rs	crates/topology/src/arena.rs:140:9: replace Arena<T>::alloc -> Id<T> with Id::new()
Unviable	crates/topology/src/arena.rs	crates/topology/src/arena.rs:140:9: replace Arena<T>::alloc -> Id<T> with Id::from_iter([Default::default()])
CaughtMutant	crates/topology/src/arena.rs	crates/topology/src/arena.rs:133:41: replace / with * in Arena<T>::reserve
Unviable	crates/topology/src/arena.rs	crates/topology/src/arena.rs:140:9: replace Arena<T>::alloc -> Id<T> with Id::new(Default::default())
Unviable	crates/topology/src/arena.rs	crates/topology/src/arena.rs:140:9: replace Arena<T>::alloc -> Id<T> with Id::from(Default::default())
CaughtMutant	crates/topology/src/arena.rs	crates/topology/src/arena.rs:143:23: replace += with -= in Arena<T>::alloc
CaughtMutant	crates/topology/src/arena.rs	crates/topology/src/arena.rs:143:23: replace += with *= in Arena<T>::alloc
CaughtMutant	crates/topology/src/arena.rs	crates/topology/src/arena.rs:157:9: replace Arena<T>::retire -> bool with true
CaughtMutant	crates/topology/src/arena.rs	crates/topology/src/arena.rs:157:9: replace Arena<T>::retire -> bool with false
CaughtMutant	crates/topology/src/arena.rs	crates/topology/src/arena.rs:160:12: delete ! in Arena<T>::retire
CaughtMutant	crates/topology/src/arena.rs	crates/topology/src/arena.rs:164:23: replace -= with += in Arena<T>::retire
Unviable	crates/topology/src/arena.rs	crates/topology/src/arena.rs:172:9: replace Arena<T>::get -> Option<&T> with Some(Box::leak(Box::new(Default::default())))
CaughtMutant	crates/topology/src/arena.rs	crates/topology/src/arena.rs:164:23: replace -= with /= in Arena<T>::retire
CaughtMutant	crates/topology/src/arena.rs	crates/topology/src/arena.rs:172:9: replace Arena<T>::get -> Option<&T> with None
Unviable	crates/topology/src/arena.rs	crates/topology/src/arena.rs:183:9: replace Arena<T>::get_mut -> Option<&mut T> with Some(Box::leak(Box::new(Default::default())))
CaughtMutant	crates/topology/src/arena.rs	crates/topology/src/arena.rs:183:9: replace Arena<T>::get_mut -> Option<&mut T> with None
CaughtMutant	crates/topology/src/arena.rs	crates/topology/src/arena.rs:193:9: replace Arena<T>::len -> usize with 0
CaughtMutant	crates/topology/src/arena.rs	crates/topology/src/arena.rs:193:9: replace Arena<T>::len -> usize with 1
CaughtMutant	crates/topology/src/arena.rs	crates/topology/src/arena.rs:197:9: replace Arena<T>::slot_len -> usize with 0
CaughtMutant	crates/topology/src/arena.rs	crates/topology/src/arena.rs:197:9: replace Arena<T>::slot_len -> usize with 1
CaughtMutant	crates/topology/src/arena.rs	crates/topology/src/arena.rs:203:9: replace Arena<T>::is_empty -> bool with true
CaughtMutant	crates/topology/src/arena.rs	crates/topology/src/arena.rs:203:9: replace Arena<T>::is_empty -> bool with false
CaughtMutant	crates/topology/src/arena.rs	crates/topology/src/arena.rs:203:23: replace == with != in Arena<T>::is_empty
Unviable	crates/topology/src/arena.rs	crates/topology/src/arena.rs:208:9: replace Arena<T>::iter -> impl Iterator<Item =(Id<T>, &T)> with ::std::iter::once((Id::new(), Box::leak(Box::new(Default::default()))))
Unviable	crates/topology/src/arena.rs	crates/topology/src/arena.rs:208:9: replace Arena<T>::iter -> impl Iterator<Item =(Id<T>, &T)> with ::std::iter::once((Id::from_iter([Default::default()]), Box::leak(Box::new(Default::default()))))
CaughtMutant	crates/topology/src/arena.rs	crates/topology/src/arena.rs:208:9: replace Arena<T>::iter -> impl Iterator<Item =(Id<T>, &T)> with ::std::iter::empty()
Unviable	crates/topology/src/arena.rs	crates/topology/src/arena.rs:208:9: replace Arena<T>::iter -> impl Iterator<Item =(Id<T>, &T)> with ::std::iter::once((Id::new(Default::default()), Box::leak(Box::new(Default::default()))))
Unviable	crates/topology/src/arena.rs	crates/topology/src/arena.rs:208:9: replace Arena<T>::iter -> impl Iterator<Item =(Id<T>, &T)> with ::std::iter::once((Id::from(Default::default()), Box::leak(Box::new(Default::default()))))
Unviable	crates/topology/src/arena.rs	crates/topology/src/arena.rs:230:9: replace Arena<T>::id_from_index -> Option<Id<T>> with Some(Id::new())
Unviable	crates/topology/src/arena.rs	crates/topology/src/arena.rs:230:9: replace Arena<T>::id_from_index -> Option<Id<T>> with Some(Id::from_iter([Default::default()]))
Unviable	crates/topology/src/arena.rs	crates/topology/src/arena.rs:230:9: replace Arena<T>::id_from_index -> Option<Id<T>> with Some(Id::new(Default::default()))
CaughtMutant	crates/topology/src/arena.rs	crates/topology/src/arena.rs:230:9: replace Arena<T>::id_from_index -> Option<Id<T>> with None
Unviable	crates/topology/src/arena.rs	crates/topology/src/arena.rs:230:9: replace Arena<T>::id_from_index -> Option<Id<T>> with Some(Id::from(Default::default()))
Unviable	crates/topology/src/arena.rs	crates/topology/src/arena.rs:242:9: replace Arena<T>::iter_mut -> impl Iterator<Item =(Id<T>, &mut T)> with ::std::iter::once((Id::new(), Box::leak(Box::new(Default::default()))))
Unviable	crates/topology/src/arena.rs	crates/topology/src/arena.rs:242:9: replace Arena<T>::iter_mut -> impl Iterator<Item =(Id<T>, &mut T)> with ::std::iter::once((Id::from_iter([Default::default()]), Box::leak(Box::new(Default::default()))))
Unviable	crates/topology/src/arena.rs	crates/topology/src/arena.rs:242:9: replace Arena<T>::iter_mut -> impl Iterator<Item =(Id<T>, &mut T)> with ::std::iter::once((Id::new(Default::default()), Box::leak(Box::new(Default::default()))))
CaughtMutant	crates/topology/src/arena.rs	crates/topology/src/arena.rs:242:9: replace Arena<T>::iter_mut -> impl Iterator<Item =(Id<T>, &mut T)> with ::std::iter::empty()
Unviable	crates/topology/src/arena.rs	crates/topology/src/arena.rs:242:9: replace Arena<T>::iter_mut -> impl Iterator<Item =(Id<T>, &mut T)> with ::std::iter::once((Id::from(Default::default()), Box::leak(Box::new(Default::default()))))
CaughtMutant	crates/topology/src/arena.rs	crates/topology/src/arena.rs:273:9: replace Arena<T>::restore_preserving_slots with ()
CaughtMutant	crates/topology/src/arena.rs	crates/topology/src/arena.rs:280:28: replace &= with |= in Arena<T>::restore_preserving_slots
CaughtMutant	crates/topology/src/arena.rs	crates/topology/src/arena.rs:283:27: replace > with == in Arena<T>::restore_preserving_slots
CaughtMutant	crates/topology/src/arena.rs	crates/topology/src/arena.rs:283:27: replace > with < in Arena<T>::restore_preserving_slots
MissedMutant	crates/topology/src/arena.rs	crates/topology/src/arena.rs:283:27: replace > with >= in Arena<T>::restore_preserving_slots
CaughtMutant	crates/topology/src/arena.rs	crates/topology/src/arena.rs:302:9: replace Arena<T>::restore_for_rollback with ()
CaughtMutant	crates/topology/src/arena.rs	crates/topology/src/arena.rs:308:27: replace > with == in Arena<T>::restore_for_rollback
CaughtMutant	crates/topology/src/arena.rs	crates/topology/src/arena.rs:308:27: replace > with < in Arena<T>::restore_for_rollback
MissedMutant	crates/topology/src/arena.rs	crates/topology/src/arena.rs:308:27: replace > with >= in Arena<T>::restore_for_rollback
CaughtMutant	crates/topology/src/topology.rs	crates/topology/src/topology.rs:46:9: replace BodyClass::as_str -> &'static str with ""
CaughtMutant	crates/topology/src/topology.rs	crates/topology/src/topology.rs:46:9: replace BodyClass::as_str -> &'static str with "xyzzy"
CaughtMutant	crates/topology/src/topology.rs	crates/topology/src/topology.rs:220:9: replace Topology::body_class_of -> Result<BodyClass, TopologyError> with Ok(Default::default())
CaughtMutant	crates/topology/src/topology.rs	crates/topology/src/topology.rs:241:9: replace Topology::set_shell_body_class -> Result<(), TopologyError> with Ok(())
CaughtMutant	crates/topology/src/topology.rs	crates/topology/src/topology.rs:241:12: delete ! in Topology::set_shell_body_class
CaughtMutant	crates/topology/src/topology.rs	crates/topology/src/topology.rs:262:9: replace Topology::set_wire_body_class -> Result<(), TopologyError> with Ok(())
CaughtMutant	crates/topology/src/topology.rs	crates/topology/src/topology.rs:262:23: replace != with == in Topology::set_wire_body_class
CaughtMutant	crates/topology/src/topology.rs	crates/topology/src/topology.rs:289:9: replace Topology::allocated_slot_count -> usize with 0
CaughtMutant	crates/topology/src/topology.rs	crates/topology/src/topology.rs:289:9: replace Topology::allocated_slot_count -> usize with 1
MissedMutant	crates/topology/src/topology.rs	crates/topology/src/topology.rs:377:17: replace && with || in Topology::restore_preserving_handle_slots
CaughtMutant	crates/topology/src/topology.rs	crates/topology/src/topology.rs:319:9: replace Topology::restore_preserving_handle_slots with ()
CaughtMutant	crates/topology/src/topology.rs	crates/topology/src/topology.rs:376:37: delete ! in Topology::restore_preserving_handle_slots
CaughtMutant	crates/topology/src/topology.rs	crates/topology/src/topology.rs:385:16: delete ! in Topology::restore_preserving_handle_slots
CaughtMutant	crates/topology/src/topology.rs	crates/topology/src/topology.rs:437:9: replace Topology::restore_for_rollback with ()
MissedMutant	crates/topology/src/topology.rs	crates/topology/src/topology.rs:471:9: replace Topology::reserve with ()
CaughtMutant	crates/topology/src/topology.rs	crates/topology/src/topology.rs:519:9: replace Topology::attributes -> &AttributeStore with Box::leak(Box::new(Default::default()))
CaughtMutant	crates/topology/src/topology.rs	crates/topology/src/topology.rs:538:9: replace Topology::set_solid_attributes -> Result<(), TopologyError> with Ok(())
MissedMutant	crates/topology/src/topology.rs	crates/topology/src/topology.rs:559:9: replace Topology::set_face_attributes -> Result<(), TopologyError> with Ok(())
CaughtMutant	crates/topology/src/topology.rs	crates/topology/src/topology.rs:568:9: replace Topology::journal -> &Journal with Box::leak(Box::new(Default::default()))
Unviable	crates/topology/src/topology.rs	crates/topology/src/topology.rs:588:9: replace Topology::journal_begin -> PendingOp with Default::default()
Unviable	crates/topology/src/topology.rs	crates/topology/src/topology.rs:589:13: replace && with || in Topology::journal_begin
Unviable	crates/topology/src/topology.rs	crates/topology/src/topology.rs:615:9: replace Topology::journal_record_evolution -> Result<OpId, TopologyError> with Ok(Default::default())
CaughtMutant	crates/topology/src/topology.rs	crates/topology/src/topology.rs:589:21: replace != with == in Topology::journal_begin
MissedMutant	crates/topology/src/topology.rs	crates/topology/src/topology.rs:657:9: replace Topology::propagate_attributes_for_op -> Result<crate::journal::JournalAttributePropagation, TopologyError> with Ok(Default::default())
MissedMutant	crates/topology/src/topology.rs	crates/topology/src/topology.rs:668:63: replace && with || in Topology::propagate_attributes_for_op
CaughtMutant	crates/topology/src/topology.rs	crates/topology/src/topology.rs:660:81: replace == with != in Topology::propagate_attributes_for_op
MissedMutant	crates/topology/src/topology.rs	crates/topology/src/topology.rs:668:66: delete ! in Topology::propagate_attributes_for_op
MissedMutant	crates/topology/src/topology.rs	crates/topology/src/topology.rs:668:19: replace == with != in Topology::propagate_attributes_for_op
MissedMutant	crates/topology/src/topology.rs	crates/topology/src/topology.rs:678:40: replace == with != in Topology::propagate_attributes_for_op
Unviable	crates/topology/src/topology.rs	crates/topology/src/topology.rs:700:29: replace && with || in Topology::propagate_attributes_for_op
MissedMutant	crates/topology/src/topology.rs	crates/topology/src/topology.rs:687:33: replace != with == in Topology::propagate_attributes_for_op
MissedMutant	crates/topology/src/topology.rs	crates/topology/src/topology.rs:700:32: delete ! in Topology::propagate_attributes_for_op
CaughtMutant	crates/topology/src/topology.rs	crates/topology/src/topology.rs:706:25: delete match arm [] in Topology::propagate_attributes_for_op
MissedMutant	crates/topology/src/topology.rs	crates/topology/src/topology.rs:707:25: delete match arm [agreed] in Topology::propagate_attributes_for_op
MissedMutant	crates/topology/src/topology.rs	crates/topology/src/topology.rs:708:53: replace += with -= in Topology::propagate_attributes_for_op
MissedMutant	crates/topology/src/topology.rs	crates/topology/src/topology.rs:708:53: replace += with *= in Topology::propagate_attributes_for_op
MissedMutant	crates/topology/src/topology.rs	crates/topology/src/topology.rs:711:77: replace += with -= in Topology::propagate_attributes_for_op
Unviable	crates/topology/src/topology.rs	crates/topology/src/topology.rs:720:17: replace && with || in Topology::propagate_attributes_for_op
MissedMutant	crates/topology/src/topology.rs	crates/topology/src/topology.rs:711:77: replace += with *= in Topology::propagate_attributes_for_op
MissedMutant	crates/topology/src/topology.rs	crates/topology/src/topology.rs:722:32: replace += with -= in Topology::propagate_attributes_for_op
MissedMutant	crates/topology/src/topology.rs	crates/topology/src/topology.rs:722:32: replace += with *= in Topology::propagate_attributes_for_op
Unviable	crates/topology/src/topology.rs	crates/topology/src/topology.rs:751:9: replace Topology::journal_record_barrier -> OpId with Default::default()
Unviable	crates/topology/src/topology.rs	crates/topology/src/topology.rs:802:9: replace Topology::add_face -> FaceId with Default::default()
CaughtMutant	crates/topology/src/topology.rs	crates/topology/src/topology.rs:740:9: replace Topology::load_journal with ()
Unviable	crates/topology/src/topology.rs	crates/topology/src/topology.rs:819:9: replace Topology::faces -> &Arena<Face> with Box::leak(Box::new(Arena::from_iter([Default::default()])))
Unviable	crates/topology/src/topology.rs	crates/topology/src/topology.rs:819:9: replace Topology::faces -> &Arena<Face> with Box::leak(Box::new(Arena::new(Default::default())))
CaughtMutant	crates/topology/src/topology.rs	crates/topology/src/topology.rs:819:9: replace Topology::faces -> &Arena<Face> with Box::leak(Box::new(Arena::new()))
CaughtMutant	crates/topology/src/topology.rs	crates/topology/src/topology.rs:819:9: replace Topology::faces -> &Arena<Face> with Box::leak(Box::new(Arena::from(Default::default())))
CaughtMutant	crates/topology/src/topology.rs	crates/topology/src/topology.rs:825:9: replace Topology::num_faces -> usize with 1
CaughtMutant	crates/topology/src/topology.rs	crates/topology/src/topology.rs:825:9: replace Topology::num_faces -> usize with 0
Unviable	crates/topology/src/topology.rs	crates/topology/src/topology.rs:831:9: replace Topology::face_id_from_index -> Option<FaceId> with Some(Default::default())
CaughtMutant	crates/topology/src/topology.rs	crates/topology/src/topology.rs:831:9: replace Topology::face_id_from_index -> Option<FaceId> with None
Unviable	crates/topology/src/topology.rs	crates/topology/src/topology.rs:879:9: replace Topology::boundary_loop_specs -> Result<Vec<BoundaryLoopSpec>, TopologyError> with Ok(vec![Default::default()])
CaughtMutant	crates/topology/src/topology.rs	crates/topology/src/topology.rs:879:9: replace Topology::boundary_loop_specs -> Result<Vec<BoundaryLoopSpec>, TopologyError> with Ok(vec![])
CaughtMutant	crates/topology/src/topology.rs	crates/topology/src/topology.rs:882:61: replace match guard replacement_id == wire_id with true in Topology::boundary_loop_specs
CaughtMutant	crates/topology/src/topology.rs	crates/topology/src/topology.rs:882:61: replace match guard replacement_id == wire_id with false in Topology::boundary_loop_specs
CaughtMutant	crates/topology/src/topology.rs	crates/topology/src/topology.rs:882:76: replace == with != in Topology::boundary_loop_specs
Unviable	crates/topology/src/topology.rs	crates/topology/src/topology.rs:903:9: replace Topology::install_face_loop_specs -> Vec<LoopId> with vec![Default::default()]
CaughtMutant	crates/topology/src/topology.rs	crates/topology/src/topology.rs:903:9: replace Topology::install_face_loop_specs -> Vec<LoopId> with vec![]
Unviable	crates/topology/src/topology.rs	crates/topology/src/topology.rs:911:9: replace Topology::carried_face_authority -> HashMap<(EdgeId, bool), CarriedCoedgeAuthority> with HashMap::from_iter([((Default::default(), true), Default::default())])
Unviable	crates/topology/src/topology.rs	crates/topology/src/topology.rs:911:9: replace Topology::carried_face_authority -> HashMap<(EdgeId, bool), CarriedCoedgeAuthority> with HashMap::from_iter([((Default::default(), false), Default::default())])
CaughtMutant	crates/topology/src/topology.rs	crates/topology/src/topology.rs:911:9: replace Topology::carried_face_authority -> HashMap<(EdgeId, bool), CarriedCoedgeAuthority> with HashMap::new()
Unviable	crates/topology/src/topology.rs	crates/topology/src/topology.rs:942:9: replace Topology::install_face_loop_specs_carrying -> Vec<LoopId> with vec![Default::default()]
Unviable	crates/topology/src/topology.rs	crates/topology/src/topology.rs:981:25: replace && with || in Topology::install_face_loop_specs_carrying
CaughtMutant	crates/topology/src/topology.rs	crates/topology/src/topology.rs:942:9: replace Topology::install_face_loop_specs_carrying -> Vec<LoopId> with vec![]
CaughtMutant	crates/topology/src/topology.rs	crates/topology/src/topology.rs:980:49: replace != with == in Topology::install_face_loop_specs_carrying
CaughtMutant	crates/topology/src/topology.rs	crates/topology/src/topology.rs:1028:9: replace Topology::replace_boundary_wire -> Result<(), TopologyError> with Ok(())
CaughtMutant	crates/topology/src/topology.rs	crates/topology/src/topology.rs:1032:45: replace && with || in Topology::replace_boundary_wire
CaughtMutant	crates/topology/src/topology.rs	crates/topology/src/topology.rs:1032:34: replace != with == in Topology::replace_boundary_wire
CaughtMutant	crates/topology/src/topology.rs	crates/topology/src/topology.rs:1032:48: delete ! in Topology::replace_boundary_wire
CaughtMutant	crates/topology/src/topology.rs	crates/topology/src/topology.rs:1074:9: replace Topology::set_face_boundary_wires -> Result<(), TopologyError> with Ok(())
CaughtMutant	crates/topology/src/topology.rs	crates/topology/src/topology.rs:1101:9: replace Topology::build_face_loops -> Result<Vec<LoopId>, TopologyError> with Ok(vec![])
Unviable	crates/topology/src/topology.rs	crates/topology/src/topology.rs:1101:9: replace Topology::build_face_loops -> Result<Vec<LoopId>, TopologyError> with Ok(vec![Default::default()])
MissedMutant	crates/topology/src/topology.rs	crates/topology/src/topology.rs:1105:29: delete ! in Topology::build_face_loops
Unviable	crates/topology/src/topology.rs	crates/topology/src/topology.rs:1120:9: replace Topology::loops_of_face -> Option<&[LoopId]> with Some(Vec::leak(vec![Default::default()]))
CaughtMutant	crates/topology/src/topology.rs	crates/topology/src/topology.rs:1120:9: replace Topology::loops_of_face -> Option<&[LoopId]> with None
CaughtMutant	crates/topology/src/topology.rs	crates/topology/src/topology.rs:1120:9: replace Topology::loops_of_face -> Option<&[LoopId]> with Some(Vec::leak(Vec::new()))
Unviable	crates/topology/src/topology.rs	crates/topology/src/topology.rs:1137:9: replace Topology::face_oriented_edges -> Result<Vec<OrientedEdge>, TopologyError> with Ok(vec![Default::default()])
CaughtMutant	crates/topology/src/topology.rs	crates/topology/src/topology.rs:1123:29: delete ! in Topology::loops_of_face
MissedMutant	crates/topology/src/topology.rs	crates/topology/src/topology.rs:1137:9: replace Topology::face_oriented_edges -> Result<Vec<OrientedEdge>, TopologyError> with Ok(vec![])
Unviable	crates/topology/src/topology.rs	crates/topology/src/topology.rs:1157:9: replace Topology::coedges_of_edge -> Vec<CoedgeId> with vec![Default::default()]
CaughtMutant	crates/topology/src/topology.rs	crates/topology/src/topology.rs:1157:9: replace Topology::coedges_of_edge -> Vec<CoedgeId> with vec![]
MissedMutant	crates/topology/src/topology.rs	crates/topology/src/topology.rs:1159:49: replace == with != in Topology::coedges_of_edge
MissedMutant	crates/topology/src/topology.rs	crates/topology/src/topology.rs:1167:9: replace Topology::num_loops -> usize with 0
MissedMutant	crates/topology/src/topology.rs	crates/topology/src/topology.rs:1167:9: replace Topology::num_loops -> usize with 1
MissedMutant	crates/topology/src/topology.rs	crates/topology/src/topology.rs:1173:9: replace Topology::num_coedges -> usize with 0
MissedMutant	crates/topology/src/topology.rs	crates/topology/src/topology.rs:1173:9: replace Topology::num_coedges -> usize with 1
Unviable	crates/topology/src/topology.rs	crates/topology/src/topology.rs:1177:9: replace Topology::live_loop_ids -> impl Iterator<Item = LoopId>+'_ with ::std::iter::once(Default::default())
CaughtMutant	crates/topology/src/topology.rs	crates/topology/src/topology.rs:1177:9: replace Topology::live_loop_ids -> impl Iterator<Item = LoopId>+'_ with ::std::iter::empty()
Unviable	crates/topology/src/topology.rs	crates/topology/src/topology.rs:1181:9: replace Topology::live_coedge_ids -> impl Iterator<Item = CoedgeId>+'_ with ::std::iter::once(Default::default())
CaughtMutant	crates/topology/src/topology.rs	crates/topology/src/topology.rs:1181:9: replace Topology::live_coedge_ids -> impl Iterator<Item = CoedgeId>+'_ with ::std::iter::empty()
Unviable	crates/topology/src/topology.rs	crates/topology/src/topology.rs:1190:9: replace Topology::indexed_coedge_use -> Option<CoedgeId> with Some(Default::default())
CaughtMutant	crates/topology/src/topology.rs	crates/topology/src/topology.rs:1190:9: replace Topology::indexed_coedge_use -> Option<CoedgeId> with None
CaughtMutant	crates/topology/src/topology.rs	crates/topology/src/topology.rs:1235:25: replace != with == in Topology::delete_solid
CaughtMutant	crates/topology/src/topology.rs	crates/topology/src/topology.rs:1208:9: replace Topology::delete_solid -> Result<(), DeleteSolidError> with Ok(())
CaughtMutant	crates/topology/src/topology.rs	crates/topology/src/topology.rs:1242:26: delete ! in Topology::delete_solid
CaughtMutant	crates/topology/src/topology.rs	crates/topology/src/topology.rs:1243:36: delete ! in Topology::delete_solid
CaughtMutant	crates/topology/src/topology.rs	crates/topology/src/topology.rs:1245:36: delete ! in Topology::delete_solid
CaughtMutant	crates/topology/src/topology.rs	crates/topology/src/topology.rs:1244:36: delete ! in Topology::delete_solid
CaughtMutant	crates/topology/src/topology.rs	crates/topology/src/topology.rs:1246:37: delete ! in Topology::delete_solid
CaughtMutant	crates/topology/src/topology.rs	crates/topology/src/topology.rs:1288:9: replace Topology::collect_solid_entities -> Result<SolidEntities, TopologyError> with Ok(Default::default())
CaughtMutant	crates/topology/src/topology.rs	crates/topology/src/topology.rs:1298:9: replace Topology::collect_solid_entities_into -> Result<(), TopologyError> with Ok(())
CaughtMutant	crates/topology/src/topology.rs	crates/topology/src/topology.rs:1302:16: delete ! in Topology::collect_solid_entities_into
CaughtMutant	crates/topology/src/topology.rs	crates/topology/src/topology.rs:1307:20: delete ! in Topology::collect_solid_entities_into
Unviable	crates/topology/src/topology.rs	crates/topology/src/topology.rs:1345:9: replace Topology::add_empty_solid -> SolidId with Default::default()
CaughtMutant	crates/topology/src/topology.rs	crates/topology/src/topology.rs:1320:28: delete ! in Topology::collect_solid_entities_into
CaughtMutant	crates/topology/src/topology.rs	crates/topology/src/topology.rs:1314:24: delete ! in Topology::collect_solid_entities_into
CaughtMutant	crates/topology/src/topology.rs	crates/topology/src/topology.rs:1354:9: replace Topology::is_empty_solid -> bool with true
CaughtMutant	crates/topology/src/topology.rs	crates/topology/src/topology.rs:1354:9: replace Topology::is_empty_solid -> bool with false
CaughtMutant	crates/topology/src/topology.rs	crates/topology/src/topology.rs:1356:17: replace && with || in Topology::is_empty_solid
Unviable	crates/topology/src/topology.rs	crates/topology/src/topology.rs:1369:9: replace Topology::pcurve_oriented -> Option<&PCurve> with Some(Box::leak(Box::new(Default::default())))
CaughtMutant	crates/topology/src/topology.rs	crates/topology/src/topology.rs:1369:9: replace Topology::pcurve_oriented -> Option<&PCurve> with None
CaughtMutant	crates/topology/src/topology.rs	crates/topology/src/topology.rs:1388:9: replace Topology::set_pcurve_oriented -> Result<(), TopologyError> with Ok(())
Unviable	crates/topology/src/topology.rs	crates/topology/src/topology.rs:1416:9: replace Topology::remove_pcurve_oriented -> Result<Option<PCurve>, TopologyError> with Ok(Some(Default::default()))
MissedMutant	crates/topology/src/topology.rs	crates/topology/src/topology.rs:1416:9: replace Topology::remove_pcurve_oriented -> Result<Option<PCurve>, TopologyError> with Ok(None)
Unviable	crates/topology/src/topology.rs	crates/topology/src/topology.rs:1434:9: replace Topology::pcurve -> Result<Option<&PCurve>, TopologyError> with Ok(Some(Box::leak(Box::new(Default::default()))))
MissedMutant	crates/topology/src/topology.rs	crates/topology/src/topology.rs:1434:9: replace Topology::pcurve -> Result<Option<&PCurve>, TopologyError> with Ok(None)
CaughtMutant	crates/topology/src/topology.rs	crates/topology/src/topology.rs:1436:13: delete match arm [] in Topology::pcurve
MissedMutant	crates/topology/src/topology.rs	crates/topology/src/topology.rs:1437:13: delete match arm [(_, coedge_id)] in Topology::pcurve
CaughtMutant	crates/topology/src/topology.rs	crates/topology/src/topology.rs:1449:9: replace Topology::has_pcurve -> Result<bool, TopologyError> with Ok(true)
CaughtMutant	crates/topology/src/topology.rs	crates/topology/src/topology.rs:1449:9: replace Topology::has_pcurve -> Result<bool, TopologyError> with Ok(false)
CaughtMutant	crates/topology/src/topology.rs	crates/topology/src/topology.rs:1450:13: delete match arm [] in Topology::has_pcurve
CaughtMutant	crates/topology/src/topology.rs	crates/topology/src/topology.rs:1451:13: delete match arm [(_, coedge_id)] in Topology::has_pcurve
CaughtMutant	crates/topology/src/topology.rs	crates/topology/src/topology.rs:1476:9: replace Topology::set_pcurve -> Result<(), TopologyError> with Ok(())
CaughtMutant	crates/topology/src/topology.rs	crates/topology/src/topology.rs:1478:13: delete match arm [forward] in Topology::set_pcurve
CaughtMutant	crates/topology/src/topology.rs	crates/topology/src/topology.rs:1479:13: delete match arm [] in Topology::set_pcurve
Unviable	crates/topology/src/topology.rs	crates/topology/src/topology.rs:1501:9: replace Topology::remove_pcurve -> Result<Option<PCurve>, TopologyError> with Ok(Some(Default::default()))
MissedMutant	crates/topology/src/topology.rs	crates/topology/src/topology.rs:1501:9: replace Topology::remove_pcurve -> Result<Option<PCurve>, TopologyError> with Ok(None)
CaughtMutant	crates/topology/src/topology.rs	crates/topology/src/topology.rs:1503:13: delete match arm [] in Topology::remove_pcurve
MissedMutant	crates/topology/src/topology.rs	crates/topology/src/topology.rs:1504:13: delete match arm [forward] in Topology::remove_pcurve
Unviable	crates/topology/src/topology.rs	crates/topology/src/topology.rs:1514:9: replace Topology::pcurves_for_face -> Vec<(EdgeId, bool, &PCurve)> with vec![(Default::default(), true, Box::leak(Box::new(Default::default())))]
Unviable	crates/topology/src/topology.rs	crates/topology/src/topology.rs:1514:9: replace Topology::pcurves_for_face -> Vec<(EdgeId, bool, &PCurve)> with vec![(Default::default(), false, Box::leak(Box::new(Default::default())))]
MissedMutant	crates/topology/src/topology.rs	crates/topology/src/topology.rs:1514:9: replace Topology::pcurves_for_face -> Vec<(EdgeId, bool, &PCurve)> with vec![]
Unviable	crates/topology/src/topology.rs	crates/topology/src/topology.rs:1530:9: replace Topology::pcurves_for_edge -> Vec<(FaceId, bool, &PCurve)> with vec![(Default::default(), false, Box::leak(Box::new(Default::default())))]
Unviable	crates/topology/src/topology.rs	crates/topology/src/topology.rs:1530:9: replace Topology::pcurves_for_edge -> Vec<(FaceId, bool, &PCurve)> with vec![(Default::default(), true, Box::leak(Box::new(Default::default())))]
MissedMutant	crates/topology/src/topology.rs	crates/topology/src/topology.rs:1530:9: replace Topology::pcurves_for_edge -> Vec<(FaceId, bool, &PCurve)> with vec![]
MissedMutant	crates/topology/src/topology.rs	crates/topology/src/topology.rs:1545:9: replace Topology::num_pcurves -> usize with 1
CaughtMutant	crates/topology/src/topology.rs	crates/topology/src/topology.rs:1545:9: replace Topology::num_pcurves -> usize with 0
Unviable	crates/topology/src/topology.rs	crates/topology/src/topology.rs:1558:9: replace Topology::coedge_pcurve -> Result<Option<&PCurve>, TopologyError> with Ok(Some(Box::leak(Box::new(Default::default()))))
MissedMutant	crates/topology/src/topology.rs	crates/topology/src/topology.rs:1558:9: replace Topology::coedge_pcurve -> Result<Option<&PCurve>, TopologyError> with Ok(None)
Unviable	crates/topology/src/topology.rs	crates/topology/src/topology.rs:1576:9: replace Topology::set_coedge_pcurve -> Result<Option<PCurve>, TopologyError> with Ok(Some(Default::default()))
CaughtMutant	crates/topology/src/topology.rs	crates/topology/src/topology.rs:1576:9: replace Topology::set_coedge_pcurve -> Result<Option<PCurve>, TopologyError> with Ok(None)
Unviable	crates/topology/src/topology.rs	crates/topology/src/topology.rs:1594:9: replace Topology::remove_coedge_pcurve -> Result<Option<PCurve>, TopologyError> with Ok(Some(Default::default()))
CaughtMutant	crates/topology/src/topology.rs	crates/topology/src/topology.rs:1594:9: replace Topology::remove_coedge_pcurve -> Result<Option<PCurve>, TopologyError> with Ok(None)
CaughtMutant	crates/topology/src/topology.rs	crates/topology/src/topology.rs:1614:9: replace Topology::set_coedge_periodic_winding -> Result<PeriodicWinding, TopologyError> with Ok(Default::default())
CaughtMutant	crates/topology/src/topology.rs	crates/topology/src/topology.rs:1624:9: replace Topology::validate_coedge_authority -> Result<(), TopologyError> with Ok(())
CaughtMutant	crates/topology/src/topology.rs	crates/topology/src/topology.rs:1628:12: delete ! in Topology::validate_coedge_authority
CaughtMutant	crates/topology/src/topology.rs	crates/topology/src/topology.rs:1642:9: replace Topology::face_edge_uses -> Result<Vec<bool>, TopologyError> with Ok(vec![])
MissedMutant	crates/topology/src/topology.rs	crates/topology/src/topology.rs:1642:9: replace Topology::face_edge_uses -> Result<Vec<bool>, TopologyError> with Ok(vec![true])
CaughtMutant	crates/topology/src/topology.rs	crates/topology/src/topology.rs:1642:9: replace Topology::face_edge_uses -> Result<Vec<bool>, TopologyError> with Ok(vec![false])
Unviable	crates/topology/src/topology.rs	crates/topology/src/topology.rs:1664:9: replace Topology::build_adjacency -> Result<AdjacencyIndex, TopologyError> with Ok(Default::default())
CaughtMutant	crates/topology/src/topology.rs	crates/topology/src/topology.rs:1650:34: replace == with != in Topology::face_edge_uses
