Unviable	crates/topology/src/builder.rs	crates/topology/src/builder.rs:33:5: replace make_line_edge -> Result<EdgeId, crate::TopologyError> with Ok(Default::default())
CaughtMutant	crates/topology/src/builder.rs	crates/topology/src/builder.rs:34:39: replace < with <= in make_line_edge
CaughtMutant	crates/topology/src/builder.rs	crates/topology/src/builder.rs:34:39: replace < with > in make_line_edge
Unviable	crates/topology/src/builder.rs	crates/topology/src/builder.rs:34:13: replace - with + in make_line_edge
Unviable	crates/topology/src/builder.rs	crates/topology/src/builder.rs:34:13: replace - with / in make_line_edge
CaughtMutant	crates/topology/src/builder.rs	crates/topology/src/builder.rs:34:39: replace < with == in make_line_edge
CaughtMutant	crates/topology/src/builder.rs	crates/topology/src/builder.rs:34:52: replace * with + in make_line_edge
Unviable	crates/topology/src/builder.rs	crates/topology/src/builder.rs:71:5: replace make_circle_edge_with_ref -> Result<EdgeId, crate::TopologyError> with Ok(Default::default())
CaughtMutant	crates/topology/src/builder.rs	crates/topology/src/builder.rs:34:52: replace * with / in make_line_edge
MissedMutant	crates/topology/src/builder.rs	crates/topology/src/builder.rs:71:31: replace || with && in make_circle_edge_with_ref
CaughtMutant	crates/topology/src/builder.rs	crates/topology/src/builder.rs:71:8: delete ! in make_circle_edge_with_ref
CaughtMutant	crates/topology/src/builder.rs	crates/topology/src/builder.rs:83:8: delete ! in make_circle_edge_with_ref
Unviable	crates/topology/src/builder.rs	crates/topology/src/builder.rs:114:5: replace make_circle_edge -> Result<EdgeId, crate::TopologyError> with Ok(Default::default())
Unviable	crates/topology/src/builder.rs	crates/topology/src/builder.rs:149:5: replace make_ellipse_edge_with_ref -> Result<EdgeId, crate::TopologyError> with Ok(Default::default())
MissedMutant	crates/topology/src/builder.rs	crates/topology/src/builder.rs:149:31: replace || with && in make_ellipse_edge_with_ref
CaughtMutant	crates/topology/src/builder.rs	crates/topology/src/builder.rs:149:8: delete ! in make_ellipse_edge_with_ref
CaughtMutant	crates/topology/src/builder.rs	crates/topology/src/builder.rs:160:8: delete ! in make_ellipse_edge_with_ref
Unviable	crates/topology/src/builder.rs	crates/topology/src/builder.rs:194:5: replace make_ellipse_edge -> Result<EdgeId, crate::TopologyError> with Ok(Default::default())
Unviable	crates/topology/src/builder.rs	crates/topology/src/builder.rs:231:5: replace make_ellipse_arc -> Result<EdgeId, crate::TopologyError> with Ok(Default::default())
Unviable	crates/topology/src/builder.rs	crates/topology/src/builder.rs:244:31: replace - with + in make_ellipse_arc
CaughtMutant	crates/topology/src/builder.rs	crates/topology/src/builder.rs:231:31: replace || with && in make_ellipse_arc
CaughtMutant	crates/topology/src/builder.rs	crates/topology/src/builder.rs:231:8: delete ! in make_ellipse_arc
Unviable	crates/topology/src/builder.rs	crates/topology/src/builder.rs:244:31: replace - with / in make_ellipse_arc
CaughtMutant	crates/topology/src/builder.rs	crates/topology/src/builder.rs:245:34: replace || with && in make_ellipse_arc
CaughtMutant	crates/topology/src/builder.rs	crates/topology/src/builder.rs:245:46: replace > with == in make_ellipse_arc
CaughtMutant	crates/topology/src/builder.rs	crates/topology/src/builder.rs:245:12: delete ! in make_ellipse_arc
CaughtMutant	crates/topology/src/builder.rs	crates/topology/src/builder.rs:245:46: replace > with < in make_ellipse_arc
CaughtMutant	crates/topology/src/builder.rs	crates/topology/src/builder.rs:245:46: replace > with >= in make_ellipse_arc
CaughtMutant	crates/topology/src/builder.rs	crates/topology/src/builder.rs:253:9: replace && with || in make_ellipse_arc
CaughtMutant	crates/topology/src/builder.rs	crates/topology/src/builder.rs:252:9: replace && with || in make_ellipse_arc
CaughtMutant	crates/topology/src/builder.rs	crates/topology/src/builder.rs:251:42: replace == with != in make_ellipse_arc
CaughtMutant	crates/topology/src/builder.rs	crates/topology/src/builder.rs:252:32: replace == with != in make_ellipse_arc
CaughtMutant	crates/topology/src/builder.rs	crates/topology/src/builder.rs:253:32: replace == with != in make_ellipse_arc
CaughtMutant	crates/topology/src/builder.rs	crates/topology/src/builder.rs:254:20: replace && with || in make_ellipse_arc
CaughtMutant	crates/topology/src/builder.rs	crates/topology/src/builder.rs:254:8: delete ! in make_ellipse_arc
Unviable	crates/topology/src/builder.rs	crates/topology/src/builder.rs:254:30: replace - with + in make_ellipse_arc
CaughtMutant	crates/topology/src/builder.rs	crates/topology/src/builder.rs:254:46: replace <= with > in make_ellipse_arc
Unviable	crates/topology/src/builder.rs	crates/topology/src/builder.rs:254:30: replace - with / in make_ellipse_arc
CaughtMutant	crates/topology/src/builder.rs	crates/topology/src/builder.rs:264:31: replace - with + in make_ellipse_arc
CaughtMutant	crates/topology/src/builder.rs	crates/topology/src/builder.rs:264:31: replace - with / in make_ellipse_arc
CaughtMutant	crates/topology/src/builder.rs	crates/topology/src/builder.rs:268:9: replace || with && in make_ellipse_arc
MissedMutant	crates/topology/src/builder.rs	crates/topology/src/builder.rs:267:9: replace || with && in make_ellipse_arc
CaughtMutant	crates/topology/src/builder.rs	crates/topology/src/builder.rs:266:8: delete ! in make_ellipse_arc
CaughtMutant	crates/topology/src/builder.rs	crates/topology/src/builder.rs:267:12: delete ! in make_ellipse_arc
CaughtMutant	crates/topology/src/builder.rs	crates/topology/src/builder.rs:268:21: replace && with || in make_ellipse_arc
CaughtMutant	crates/topology/src/builder.rs	crates/topology/src/builder.rs:268:13: delete ! in make_ellipse_arc
CaughtMutant	crates/topology/src/builder.rs	crates/topology/src/builder.rs:268:47: replace == with != in make_ellipse_arc
CaughtMutant	crates/topology/src/builder.rs	crates/topology/src/builder.rs:274:34: replace + with - in make_ellipse_arc
CaughtMutant	crates/topology/src/builder.rs	crates/topology/src/builder.rs:274:34: replace + with * in make_ellipse_arc
CaughtMutant	crates/topology/src/builder.rs	crates/topology/src/builder.rs:276:8: delete ! in make_ellipse_arc
Unviable	crates/topology/src/builder.rs	crates/topology/src/builder.rs:306:5: replace make_polygon_wire -> Result<WireId, crate::TopologyError> with Ok(Default::default())
CaughtMutant	crates/topology/src/builder.rs	crates/topology/src/builder.rs:307:10: replace < with == in make_polygon_wire
CaughtMutant	crates/topology/src/builder.rs	crates/topology/src/builder.rs:307:10: replace < with <= in make_polygon_wire
CaughtMutant	crates/topology/src/builder.rs	crates/topology/src/builder.rs:307:10: replace < with > in make_polygon_wire
CaughtMutant	crates/topology/src/builder.rs	crates/topology/src/builder.rs:320:32: replace % with / in make_polygon_wire
CaughtMutant	crates/topology/src/builder.rs	crates/topology/src/builder.rs:320:32: replace % with + in make_polygon_wire
CaughtMutant	crates/topology/src/builder.rs	crates/topology/src/builder.rs:320:27: replace + with - in make_polygon_wire
Unviable	crates/topology/src/builder.rs	crates/topology/src/builder.rs:348:5: replace make_regular_polygon_wire -> Result<WireId, crate::TopologyError> with Ok(Default::default())
CaughtMutant	crates/topology/src/builder.rs	crates/topology/src/builder.rs:320:27: replace + with * in make_polygon_wire
CaughtMutant	crates/topology/src/builder.rs	crates/topology/src/builder.rs:348:16: replace < with == in make_regular_polygon_wire
CaughtMutant	crates/topology/src/builder.rs	crates/topology/src/builder.rs:348:16: replace < with <= in make_regular_polygon_wire
CaughtMutant	crates/topology/src/builder.rs	crates/topology/src/builder.rs:348:16: replace < with > in make_regular_polygon_wire
CaughtMutant	crates/topology/src/builder.rs	crates/topology/src/builder.rs:353:15: replace <= with > in make_regular_polygon_wire
CaughtMutant	crates/topology/src/builder.rs	crates/topology/src/builder.rs:362:47: replace / with % in make_regular_polygon_wire
CaughtMutant	crates/topology/src/builder.rs	crates/topology/src/builder.rs:362:47: replace / with * in make_regular_polygon_wire
CaughtMutant	crates/topology/src/builder.rs	crates/topology/src/builder.rs:362:34: replace * with + in make_regular_polygon_wire
CaughtMutant	crates/topology/src/builder.rs	crates/topology/src/builder.rs:362:34: replace * with / in make_regular_polygon_wire
CaughtMutant	crates/topology/src/builder.rs	crates/topology/src/builder.rs:362:29: replace * with + in make_regular_polygon_wire
CaughtMutant	crates/topology/src/builder.rs	crates/topology/src/builder.rs:362:29: replace * with / in make_regular_polygon_wire
CaughtMutant	crates/topology/src/builder.rs	crates/topology/src/builder.rs:363:32: replace * with + in make_regular_polygon_wire
CaughtMutant	crates/topology/src/builder.rs	crates/topology/src/builder.rs:363:32: replace * with / in make_regular_polygon_wire
CaughtMutant	crates/topology/src/builder.rs	crates/topology/src/builder.rs:363:54: replace * with + in make_regular_polygon_wire
Unviable	crates/topology/src/builder.rs	crates/topology/src/builder.rs:386:5: replace make_face_from_wire -> Result<FaceId, crate::TopologyError> with Ok(Default::default())
CaughtMutant	crates/topology/src/builder.rs	crates/topology/src/builder.rs:363:54: replace * with / in make_regular_polygon_wire
Unviable	crates/topology/src/builder.rs	crates/topology/src/builder.rs:418:5: replace make_planar_face_from_wire -> Result<FaceId, crate::TopologyError> with Ok(Default::default())
Unviable	crates/topology/src/builder.rs	crates/topology/src/builder.rs:434:5: replace wire_plane -> Result<(Vec3, f64), crate::TopologyError> with Ok((Default::default(), 0.0))
Unviable	crates/topology/src/builder.rs	crates/topology/src/builder.rs:434:5: replace wire_plane -> Result<(Vec3, f64), crate::TopologyError> with Ok((Default::default(), 1.0))
Unviable	crates/topology/src/builder.rs	crates/topology/src/builder.rs:434:5: replace wire_plane -> Result<(Vec3, f64), crate::TopologyError> with Ok((Default::default(), -1.0))
Unviable	crates/topology/src/builder.rs	crates/topology/src/builder.rs:490:38: replace + with * in sample_wire_for_planarity
Unviable	crates/topology/src/builder.rs	crates/topology/src/builder.rs:469:5: replace sample_wire_for_planarity -> Result<WireSamples, crate::TopologyError> with Ok(Default::default())
Unviable	crates/topology/src/builder.rs	crates/topology/src/builder.rs:490:60: replace * with + in sample_wire_for_planarity
Unviable	crates/topology/src/builder.rs	crates/topology/src/builder.rs:490:60: replace * with / in sample_wire_for_planarity
CaughtMutant	crates/topology/src/builder.rs	crates/topology/src/builder.rs:490:38: replace + with - in sample_wire_for_planarity
Unviable	crates/topology/src/builder.rs	crates/topology/src/builder.rs:490:48: replace - with + in sample_wire_for_planarity
Unviable	crates/topology/src/builder.rs	crates/topology/src/builder.rs:490:48: replace - with / in sample_wire_for_planarity
Unviable	crates/topology/src/builder.rs	crates/topology/src/builder.rs:554:39: replace + with * in sample_wire_for_planarity
Unviable	crates/topology/src/builder.rs	crates/topology/src/builder.rs:554:61: replace * with + in sample_wire_for_planarity
MissedMutant	crates/topology/src/builder.rs	crates/topology/src/builder.rs:554:39: replace + with - in sample_wire_for_planarity
Unviable	crates/topology/src/builder.rs	crates/topology/src/builder.rs:554:61: replace * with / in sample_wire_for_planarity
Unviable	crates/topology/src/builder.rs	crates/topology/src/builder.rs:554:49: replace - with + in sample_wire_for_planarity
Unviable	crates/topology/src/builder.rs	crates/topology/src/builder.rs:554:49: replace - with / in sample_wire_for_planarity
CaughtMutant	crates/topology/src/builder.rs	crates/topology/src/builder.rs:562:21: replace * with + in sample_wire_for_planarity
CaughtMutant	crates/topology/src/builder.rs	crates/topology/src/builder.rs:562:21: replace * with / in sample_wire_for_planarity
CaughtMutant	crates/topology/src/builder.rs	crates/topology/src/builder.rs:580:5: replace sample_open_conic with ()
CaughtMutant	crates/topology/src/builder.rs	crates/topology/src/builder.rs:583:31: replace + with - in sample_open_conic
CaughtMutant	crates/topology/src/builder.rs	crates/topology/src/builder.rs:583:31: replace + with * in sample_open_conic
CaughtMutant	crates/topology/src/builder.rs	crates/topology/src/builder.rs:583:60: replace / with % in sample_open_conic
CaughtMutant	crates/topology/src/builder.rs	crates/topology/src/builder.rs:583:60: replace / with * in sample_open_conic
CaughtMutant	crates/topology/src/builder.rs	crates/topology/src/builder.rs:583:45: replace * with + in sample_open_conic
CaughtMutant	crates/topology/src/builder.rs	crates/topology/src/builder.rs:583:45: replace * with / in sample_open_conic
CaughtMutant	crates/topology/src/builder.rs	crates/topology/src/builder.rs:583:38: replace - with + in sample_open_conic
CaughtMutant	crates/topology/src/builder.rs	crates/topology/src/builder.rs:583:38: replace - with / in sample_open_conic
CaughtMutant	crates/topology/src/builder.rs	crates/topology/src/builder.rs:598:5: replace sample_conic with ()
CaughtMutant	crates/topology/src/builder.rs	crates/topology/src/builder.rs:601:50: replace / with % in sample_conic
CaughtMutant	crates/topology/src/builder.rs	crates/topology/src/builder.rs:601:50: replace / with * in sample_conic
CaughtMutant	crates/topology/src/builder.rs	crates/topology/src/builder.rs:601:35: replace * with + in sample_conic
CaughtMutant	crates/topology/src/builder.rs	crates/topology/src/builder.rs:601:35: replace * with / in sample_conic
CaughtMutant	crates/topology/src/builder.rs	crates/topology/src/builder.rs:607:25: replace - with + in sample_conic
CaughtMutant	crates/topology/src/builder.rs	crates/topology/src/builder.rs:607:25: replace - with / in sample_conic
CaughtMutant	crates/topology/src/builder.rs	crates/topology/src/builder.rs:608:14: replace > with == in sample_conic
CaughtMutant	crates/topology/src/builder.rs	crates/topology/src/builder.rs:608:14: replace > with < in sample_conic
CaughtMutant	crates/topology/src/builder.rs	crates/topology/src/builder.rs:608:14: replace > with >= in sample_conic
CaughtMutant	crates/topology/src/builder.rs	crates/topology/src/builder.rs:609:15: replace -= with += in sample_conic
CaughtMutant	crates/topology/src/builder.rs	crates/topology/src/builder.rs:609:15: replace -= with /= in sample_conic
CaughtMutant	crates/topology/src/builder.rs	crates/topology/src/builder.rs:610:21: replace < with == in sample_conic
CaughtMutant	crates/topology/src/builder.rs	crates/topology/src/builder.rs:610:21: replace < with > in sample_conic
CaughtMutant	crates/topology/src/builder.rs	crates/topology/src/builder.rs:610:21: replace < with <= in sample_conic
CaughtMutant	crates/topology/src/builder.rs	crates/topology/src/builder.rs:610:23: delete - in sample_conic
CaughtMutant	crates/topology/src/builder.rs	crates/topology/src/builder.rs:611:15: replace += with -= in sample_conic
CaughtMutant	crates/topology/src/builder.rs	crates/topology/src/builder.rs:611:15: replace += with *= in sample_conic
CaughtMutant	crates/topology/src/builder.rs	crates/topology/src/builder.rs:614:31: replace + with - in sample_conic
CaughtMutant	crates/topology/src/builder.rs	crates/topology/src/builder.rs:614:31: replace + with * in sample_conic
CaughtMutant	crates/topology/src/builder.rs	crates/topology/src/builder.rs:614:54: replace / with % in sample_conic
CaughtMutant	crates/topology/src/builder.rs	crates/topology/src/builder.rs:614:54: replace / with * in sample_conic
CaughtMutant	crates/topology/src/builder.rs	crates/topology/src/builder.rs:614:39: replace * with + in sample_conic
Unviable	crates/topology/src/builder.rs	crates/topology/src/builder.rs:619:5: replace plane_from -> (Vec3, f64) with (Default::default(), 0.0)
CaughtMutant	crates/topology/src/builder.rs	crates/topology/src/builder.rs:614:39: replace * with / in sample_conic
Unviable	crates/topology/src/builder.rs	crates/topology/src/builder.rs:619:5: replace plane_from -> (Vec3, f64) with (Default::default(), 1.0)
Unviable	crates/topology/src/builder.rs	crates/topology/src/builder.rs:620:21: replace - with + in plane_from
Unviable	crates/topology/src/builder.rs	crates/topology/src/builder.rs:619:5: replace plane_from -> (Vec3, f64) with (Default::default(), -1.0)
Unviable	crates/topology/src/builder.rs	crates/topology/src/builder.rs:620:21: replace - with / in plane_from
Unviable	crates/topology/src/builder.rs	crates/topology/src/builder.rs:627:5: replace verified_plane -> Option<(Vec3, f64)> with Some((Default::default(), 0.0))
Unviable	crates/topology/src/builder.rs	crates/topology/src/builder.rs:627:5: replace verified_plane -> Option<(Vec3, f64)> with Some((Default::default(), 1.0))
Unviable	crates/topology/src/builder.rs	crates/topology/src/builder.rs:627:5: replace verified_plane -> Option<(Vec3, f64)> with Some((Default::default(), -1.0))
CaughtMutant	crates/topology/src/builder.rs	crates/topology/src/builder.rs:627:5: replace verified_plane -> Option<(Vec3, f64)> with None
Unviable	crates/topology/src/builder.rs	crates/topology/src/builder.rs:633:34: replace - with + in verified_plane
CaughtMutant	crates/topology/src/builder.rs	crates/topology/src/builder.rs:633:44: replace - with + in verified_plane
CaughtMutant	crates/topology/src/builder.rs	crates/topology/src/builder.rs:633:44: replace - with / in verified_plane
Unviable	crates/topology/src/builder.rs	crates/topology/src/builder.rs:633:34: replace - with / in verified_plane
CaughtMutant	crates/topology/src/builder.rs	crates/topology/src/builder.rs:634:24: replace > with == in verified_plane
CaughtMutant	crates/topology/src/builder.rs	crates/topology/src/builder.rs:634:24: replace > with < in verified_plane
CaughtMutant	crates/topology/src/builder.rs	crates/topology/src/builder.rs:634:17: replace * with + in verified_plane
CaughtMutant	crates/topology/src/builder.rs	crates/topology/src/builder.rs:634:24: replace > with >= in verified_plane
Unviable	crates/topology/src/builder.rs	crates/topology/src/builder.rs:645:9: replace && with || in verified_plane
CaughtMutant	crates/topology/src/builder.rs	crates/topology/src/builder.rs:634:17: replace * with / in verified_plane
CaughtMutant	crates/topology/src/builder.rs	crates/topology/src/builder.rs:645:39: replace < with == in verified_plane
CaughtMutant	crates/topology/src/builder.rs	crates/topology/src/builder.rs:645:39: replace < with > in verified_plane
MissedMutant	crates/topology/src/builder.rs	crates/topology/src/builder.rs:645:39: replace < with <= in verified_plane
CaughtMutant	crates/topology/src/builder.rs	crates/topology/src/builder.rs:647:18: delete - in verified_plane
CaughtMutant	crates/topology/src/builder.rs	crates/topology/src/builder.rs:648:13: delete - in verified_plane
Unviable	crates/topology/src/builder.rs	crates/topology/src/builder.rs:657:5: replace newell_normal -> Option<Vec3> with Some(Default::default())
CaughtMutant	crates/topology/src/builder.rs	crates/topology/src/builder.rs:657:5: replace newell_normal -> Option<Vec3> with None
CaughtMutant	crates/topology/src/builder.rs	crates/topology/src/builder.rs:657:22: replace < with == in newell_normal
CaughtMutant	crates/topology/src/builder.rs	crates/topology/src/builder.rs:657:22: replace < with > in newell_normal
CaughtMutant	crates/topology/src/builder.rs	crates/topology/src/builder.rs:657:22: replace < with <= in newell_normal
CaughtMutant	crates/topology/src/builder.rs	crates/topology/src/builder.rs:666:36: replace % with / in newell_normal
CaughtMutant	crates/topology/src/builder.rs	crates/topology/src/builder.rs:666:36: replace % with + in newell_normal
CaughtMutant	crates/topology/src/builder.rs	crates/topology/src/builder.rs:666:31: replace + with - in newell_normal
CaughtMutant	crates/topology/src/builder.rs	crates/topology/src/builder.rs:666:31: replace + with * in newell_normal
CaughtMutant	crates/topology/src/builder.rs	crates/topology/src/builder.rs:667:12: replace += with -= in newell_normal
CaughtMutant	crates/topology/src/builder.rs	crates/topology/src/builder.rs:667:12: replace += with *= in newell_normal
CaughtMutant	crates/topology/src/builder.rs	crates/topology/src/builder.rs:667:37: replace * with + in newell_normal
CaughtMutant	crates/topology/src/builder.rs	crates/topology/src/builder.rs:667:37: replace * with / in newell_normal
CaughtMutant	crates/topology/src/builder.rs	crates/topology/src/builder.rs:667:25: replace - with + in newell_normal
CaughtMutant	crates/topology/src/builder.rs	crates/topology/src/builder.rs:667:25: replace - with / in newell_normal
CaughtMutant	crates/topology/src/builder.rs	crates/topology/src/builder.rs:667:49: replace + with - in newell_normal
CaughtMutant	crates/topology/src/builder.rs	crates/topology/src/builder.rs:667:49: replace + with * in newell_normal
CaughtMutant	crates/topology/src/builder.rs	crates/topology/src/builder.rs:668:12: replace += with -= in newell_normal
CaughtMutant	crates/topology/src/builder.rs	crates/topology/src/builder.rs:668:12: replace += with *= in newell_normal
CaughtMutant	crates/topology/src/builder.rs	crates/topology/src/builder.rs:668:37: replace * with + in newell_normal
CaughtMutant	crates/topology/src/builder.rs	crates/topology/src/builder.rs:668:37: replace * with / in newell_normal
CaughtMutant	crates/topology/src/builder.rs	crates/topology/src/builder.rs:668:25: replace - with + in newell_normal
CaughtMutant	crates/topology/src/builder.rs	crates/topology/src/builder.rs:668:25: replace - with / in newell_normal
CaughtMutant	crates/topology/src/builder.rs	crates/topology/src/builder.rs:668:49: replace + with - in newell_normal
CaughtMutant	crates/topology/src/builder.rs	crates/topology/src/builder.rs:668:49: replace + with * in newell_normal
CaughtMutant	crates/topology/src/builder.rs	crates/topology/src/builder.rs:669:12: replace += with -= in newell_normal
CaughtMutant	crates/topology/src/builder.rs	crates/topology/src/builder.rs:669:12: replace += with *= in newell_normal
CaughtMutant	crates/topology/src/builder.rs	crates/topology/src/builder.rs:669:37: replace * with + in newell_normal
CaughtMutant	crates/topology/src/builder.rs	crates/topology/src/builder.rs:669:37: replace * with / in newell_normal
CaughtMutant	crates/topology/src/builder.rs	crates/topology/src/builder.rs:669:25: replace - with + in newell_normal
CaughtMutant	crates/topology/src/builder.rs	crates/topology/src/builder.rs:669:25: replace - with / in newell_normal
CaughtMutant	crates/topology/src/builder.rs	crates/topology/src/builder.rs:669:49: replace + with - in newell_normal
Unviable	crates/topology/src/builder.rs	crates/topology/src/builder.rs:678:5: replace fit_plane -> Option<(Vec3, f64)> with Some((Default::default(), 0.0))
CaughtMutant	crates/topology/src/builder.rs	crates/topology/src/builder.rs:669:49: replace + with * in newell_normal
CaughtMutant	crates/topology/src/builder.rs	crates/topology/src/builder.rs:678:5: replace fit_plane -> Option<(Vec3, f64)> with None
Unviable	crates/topology/src/builder.rs	crates/topology/src/builder.rs:678:5: replace fit_plane -> Option<(Vec3, f64)> with Some((Default::default(), 1.0))
Unviable	crates/topology/src/builder.rs	crates/topology/src/builder.rs:678:5: replace fit_plane -> Option<(Vec3, f64)> with Some((Default::default(), -1.0))
CaughtMutant	crates/topology/src/builder.rs	crates/topology/src/builder.rs:678:21: replace < with == in fit_plane
CaughtMutant	crates/topology/src/builder.rs	crates/topology/src/builder.rs:678:21: replace < with > in fit_plane
Unviable	crates/topology/src/builder.rs	crates/topology/src/builder.rs:686:26: replace - with + in fit_plane
CaughtMutant	crates/topology/src/builder.rs	crates/topology/src/builder.rs:678:21: replace < with <= in fit_plane
Unviable	crates/topology/src/builder.rs	crates/topology/src/builder.rs:686:26: replace - with / in fit_plane
CaughtMutant	crates/topology/src/builder.rs	crates/topology/src/builder.rs:687:42: replace > with == in fit_plane
CaughtMutant	crates/topology/src/builder.rs	crates/topology/src/builder.rs:687:42: replace > with < in fit_plane
MissedMutant	crates/topology/src/builder.rs	crates/topology/src/builder.rs:687:42: replace > with >= in fit_plane
Unviable	crates/topology/src/builder.rs	crates/topology/src/builder.rs:691:17: replace - with + in fit_plane
Unviable	crates/topology/src/builder.rs	crates/topology/src/builder.rs:691:17: replace - with / in fit_plane
CaughtMutant	crates/topology/src/builder.rs	crates/topology/src/builder.rs:688:15: replace <= with > in fit_plane
Unviable	crates/topology/src/builder.rs	crates/topology/src/builder.rs:695:34: replace - with + in fit_plane
Unviable	crates/topology/src/builder.rs	crates/topology/src/builder.rs:695:34: replace - with / in fit_plane
CaughtMutant	crates/topology/src/builder.rs	crates/topology/src/builder.rs:696:42: replace > with == in fit_plane
CaughtMutant	crates/topology/src/builder.rs	crates/topology/src/builder.rs:696:42: replace > with < in fit_plane
MissedMutant	crates/topology/src/builder.rs	crates/topology/src/builder.rs:696:42: replace > with >= in fit_plane
Unviable	crates/topology/src/builder.rs	crates/topology/src/builder.rs:697:12: replace - with + in fit_plane
Unviable	crates/topology/src/builder.rs	crates/topology/src/builder.rs:697:12: replace - with / in fit_plane
CaughtMutant	crates/topology/src/builder.rs	crates/topology/src/builder.rs:697:35: replace <= with > in fit_plane
Unviable	crates/topology/src/builder.rs	crates/topology/src/builder.rs:701:17: replace - with + in fit_plane
Unviable	crates/topology/src/builder.rs	crates/topology/src/builder.rs:701:17: replace - with / in fit_plane
CaughtMutant	crates/topology/src/builder.rs	crates/topology/src/builder.rs:703:15: replace <= with > in fit_plane
CaughtMutant	crates/topology/src/builder.rs	crates/topology/src/builder.rs:703:70: replace * with + in fit_plane
CaughtMutant	crates/topology/src/builder.rs	crates/topology/src/builder.rs:703:70: replace * with / in fit_plane
CaughtMutant	crates/topology/src/builder.rs	crates/topology/src/builder.rs:703:60: replace * with + in fit_plane
CaughtMutant	crates/topology/src/builder.rs	crates/topology/src/builder.rs:703:60: replace * with / in fit_plane
CaughtMutant	crates/topology/src/builder.rs	crates/topology/src/builder.rs:703:38: replace * with + in fit_plane
Unviable	crates/topology/src/builder.rs	crates/topology/src/builder.rs:708:27: replace - with + in fit_plane
Unviable	crates/topology/src/builder.rs	crates/topology/src/builder.rs:708:27: replace - with / in fit_plane
CaughtMutant	crates/topology/src/builder.rs	crates/topology/src/builder.rs:703:38: replace * with / in fit_plane
Unviable	crates/topology/src/builder.rs	crates/topology/src/builder.rs:716:5: replace bilinear_surface -> Result<NurbsSurface, crate::TopologyError> with Ok(Default::default())
CaughtMutant	crates/topology/src/builder.rs	crates/topology/src/builder.rs:716:21: replace < with == in bilinear_surface
CaughtMutant	crates/topology/src/builder.rs	crates/topology/src/builder.rs:716:21: replace < with > in bilinear_surface
CaughtMutant	crates/topology/src/builder.rs	crates/topology/src/builder.rs:716:21: replace < with <= in bilinear_surface
Unviable	crates/topology/src/builder.rs	crates/topology/src/builder.rs:725:18: replace - with + in bilinear_surface
Unviable	crates/topology/src/builder.rs	crates/topology/src/builder.rs:725:18: replace - with / in bilinear_surface
Unviable	crates/topology/src/builder.rs	crates/topology/src/builder.rs:727:34: replace - with + in bilinear_surface
Unviable	crates/topology/src/builder.rs	crates/topology/src/builder.rs:727:34: replace - with / in bilinear_surface
Unviable	crates/topology/src/builder.rs	crates/topology/src/builder.rs:730:17: replace - with + in bilinear_surface
Unviable	crates/topology/src/builder.rs	crates/topology/src/builder.rs:730:17: replace - with / in bilinear_surface
Unviable	crates/topology/src/builder.rs	crates/topology/src/builder.rs:734:26: replace - with + in bilinear_surface
Unviable	crates/topology/src/builder.rs	crates/topology/src/builder.rs:734:26: replace - with / in bilinear_surface
Unviable	crates/topology/src/builder.rs	crates/topology/src/builder.rs:736:42: replace - with + in bilinear_surface
Unviable	crates/topology/src/builder.rs	crates/topology/src/builder.rs:736:42: replace - with / in bilinear_surface
Unviable	crates/topology/src/builder.rs	crates/topology/src/builder.rs:743:31: replace - with + in bilinear_surface
Unviable	crates/topology/src/builder.rs	crates/topology/src/builder.rs:743:31: replace - with / in bilinear_surface
Unviable	crates/topology/src/builder.rs	crates/topology/src/builder.rs:748:26: replace - with + in bilinear_surface
Unviable	crates/topology/src/builder.rs	crates/topology/src/builder.rs:748:26: replace - with / in bilinear_surface
Unviable	crates/topology/src/builder.rs	crates/topology/src/builder.rs:750:45: replace - with / in bilinear_surface
Unviable	crates/topology/src/builder.rs	crates/topology/src/builder.rs:750:45: replace - with + in bilinear_surface
Unviable	crates/topology/src/builder.rs	crates/topology/src/builder.rs:778:5: replace make_rectangle_face -> Result<FaceId, crate::TopologyError> with Ok(Default::default())
CaughtMutant	crates/topology/src/builder.rs	crates/topology/src/builder.rs:778:21: replace || with && in make_rectangle_face
CaughtMutant	crates/topology/src/builder.rs	crates/topology/src/builder.rs:778:14: replace <= with > in make_rectangle_face
CaughtMutant	crates/topology/src/builder.rs	crates/topology/src/builder.rs:778:31: replace <= with > in make_rectangle_face
CaughtMutant	crates/topology/src/builder.rs	crates/topology/src/builder.rs:784:20: replace / with % in make_rectangle_face
CaughtMutant	crates/topology/src/builder.rs	crates/topology/src/builder.rs:784:20: replace / with * in make_rectangle_face
CaughtMutant	crates/topology/src/builder.rs	crates/topology/src/builder.rs:785:21: replace / with % in make_rectangle_face
CaughtMutant	crates/topology/src/builder.rs	crates/topology/src/builder.rs:785:21: replace / with * in make_rectangle_face
CaughtMutant	crates/topology/src/builder.rs	crates/topology/src/builder.rs:787:21: delete - in make_rectangle_face
CaughtMutant	crates/topology/src/builder.rs	crates/topology/src/builder.rs:787:26: delete - in make_rectangle_face
CaughtMutant	crates/topology/src/builder.rs	crates/topology/src/builder.rs:788:25: delete - in make_rectangle_face
Unviable	crates/topology/src/builder.rs	crates/topology/src/builder.rs:811:5: replace make_circle_face -> Result<FaceId, crate::TopologyError> with Ok(Default::default())
CaughtMutant	crates/topology/src/builder.rs	crates/topology/src/builder.rs:790:21: delete - in make_rectangle_face
Unviable	crates/topology/src/builder.rs	crates/topology/src/builder.rs:845:5: replace make_nurbs_edge -> EdgeId with Default::default()
Unviable	crates/topology/src/builder.rs	crates/topology/src/builder.rs:830:5: replace make_planar_face -> Result<FaceId, crate::TopologyError> with Ok(Default::default())
Unviable	crates/topology/src/builder.rs	crates/topology/src/builder.rs:848:35: replace - with + in make_nurbs_edge
Unviable	crates/topology/src/builder.rs	crates/topology/src/builder.rs:848:35: replace - with / in make_nurbs_edge
Unviable	crates/topology/src/builder.rs	crates/topology/src/builder.rs:850:19: replace - with + in make_nurbs_edge
Unviable	crates/topology/src/builder.rs	crates/topology/src/builder.rs:850:19: replace - with / in make_nurbs_edge
Unviable	crates/topology/src/builder.rs	crates/topology/src/builder.rs:851:35: replace - with + in make_nurbs_edge
Unviable	crates/topology/src/builder.rs	crates/topology/src/builder.rs:853:19: replace - with + in make_nurbs_edge
Unviable	crates/topology/src/builder.rs	crates/topology/src/builder.rs:851:35: replace - with / in make_nurbs_edge
Unviable	crates/topology/src/builder.rs	crates/topology/src/builder.rs:853:19: replace - with / in make_nurbs_edge
CaughtMutant	crates/topology/src/builder.rs	crates/topology/src/builder.rs:854:51: replace && with || in make_nurbs_edge
CaughtMutant	crates/topology/src/builder.rs	crates/topology/src/builder.rs:854:54: delete ! in make_nurbs_edge
CaughtMutant	crates/topology/src/builder.rs	crates/topology/src/builder.rs:857:9: delete - in make_nurbs_edge
CaughtMutant	crates/topology/src/builder.rs	crates/topology/src/builder.rs:859:44: replace <= with > in make_nurbs_edge
CaughtMutant	crates/topology/src/builder.rs	crates/topology/src/builder.rs:860:44: replace <= with > in make_nurbs_edge
CaughtMutant	crates/topology/src/builder.rs	crates/topology/src/builder.rs:862:9: delete match arm (true, false) in make_nurbs_edge
CaughtMutant	crates/topology/src/builder.rs	crates/topology/src/builder.rs:863:9: delete match arm (false, true) in make_nurbs_edge
CaughtMutant	crates/topology/src/builder.rs	crates/topology/src/builder.rs:864:25: replace match guard forward_residual < reverse_residual with true in make_nurbs_edge
MissedMutant	crates/topology/src/builder.rs	crates/topology/src/builder.rs:864:25: replace match guard forward_residual < reverse_residual with false in make_nurbs_edge
CaughtMutant	crates/topology/src/builder.rs	crates/topology/src/builder.rs:865:25: replace match guard reverse_residual < forward_residual with true in make_nurbs_edge
CaughtMutant	crates/topology/src/builder.rs	crates/topology/src/builder.rs:865:25: replace match guard reverse_residual < forward_residual with false in make_nurbs_edge
MissedMutant	crates/topology/src/builder.rs	crates/topology/src/builder.rs:866:25: replace match guard (natural_start - natural_end).length() <= authority_band with true in make_nurbs_edge
CaughtMutant	crates/topology/src/builder.rs	crates/topology/src/builder.rs:866:25: replace match guard (natural_start - natural_end).length() <= authority_band with false in make_nurbs_edge
MissedMutant	crates/topology/src/builder.rs	crates/topology/src/builder.rs:864:42: replace < with == in make_nurbs_edge
CaughtMutant	crates/topology/src/builder.rs	crates/topology/src/builder.rs:864:42: replace < with > in make_nurbs_edge
MissedMutant	crates/topology/src/builder.rs	crates/topology/src/builder.rs:864:42: replace < with <= in make_nurbs_edge
CaughtMutant	crates/topology/src/builder.rs	crates/topology/src/builder.rs:865:42: replace < with == in make_nurbs_edge
CaughtMutant	crates/topology/src/builder.rs	crates/topology/src/builder.rs:865:42: replace < with > in make_nurbs_edge
CaughtMutant	crates/topology/src/builder.rs	crates/topology/src/builder.rs:865:42: replace < with <= in make_nurbs_edge
Unviable	crates/topology/src/builder.rs	crates/topology/src/builder.rs:866:40: replace - with + in make_nurbs_edge
Unviable	crates/topology/src/builder.rs	crates/topology/src/builder.rs:866:40: replace - with / in make_nurbs_edge
CaughtMutant	crates/topology/src/builder.rs	crates/topology/src/builder.rs:866:64: replace <= with > in make_nurbs_edge
CaughtMutant	crates/topology/src/builder.rs	crates/topology/src/builder.rs:876:23: replace && with || in make_nurbs_edge
CaughtMutant	crates/topology/src/builder.rs	crates/topology/src/builder.rs:876:65: replace > with == in make_nurbs_edge
CaughtMutant	crates/topology/src/builder.rs	crates/topology/src/builder.rs:876:65: replace > with < in make_nurbs_edge
Unviable	crates/topology/src/builder.rs	crates/topology/src/builder.rs:876:41: replace - with + in make_nurbs_edge
Unviable	crates/topology/src/builder.rs	crates/topology/src/builder.rs:876:41: replace - with / in make_nurbs_edge
CaughtMutant	crates/topology/src/builder.rs	crates/topology/src/builder.rs:876:65: replace > with >= in make_nurbs_edge
CaughtMutant	crates/topology/src/builder.rs	crates/topology/src/builder.rs:890:13: replace && with || in make_nurbs_edge
CaughtMutant	crates/topology/src/builder.rs	crates/topology/src/builder.rs:889:13: replace && with || in make_nurbs_edge
CaughtMutant	crates/topology/src/builder.rs	crates/topology/src/builder.rs:888:13: replace && with || in make_nurbs_edge
CaughtMutant	crates/topology/src/builder.rs	crates/topology/src/builder.rs:887:13: replace && with || in make_nurbs_edge
CaughtMutant	crates/topology/src/builder.rs	crates/topology/src/builder.rs:886:13: replace && with || in make_nurbs_edge
CaughtMutant	crates/topology/src/builder.rs	crates/topology/src/builder.rs:885:13: replace && with || in make_nurbs_edge
CaughtMutant	crates/topology/src/builder.rs	crates/topology/src/builder.rs:884:13: replace && with || in make_nurbs_edge
CaughtMutant	crates/topology/src/builder.rs	crates/topology/src/builder.rs:882:13: replace && with || in make_nurbs_edge
CaughtMutant	crates/topology/src/builder.rs	crates/topology/src/builder.rs:881:13: replace && with || in make_nurbs_edge
CaughtMutant	crates/topology/src/builder.rs	crates/topology/src/builder.rs:883:17: replace > with == in make_nurbs_edge
CaughtMutant	crates/topology/src/builder.rs	crates/topology/src/builder.rs:883:17: replace > with < in make_nurbs_edge
MissedMutant	crates/topology/src/builder.rs	crates/topology/src/builder.rs:883:17: replace > with >= in make_nurbs_edge
CaughtMutant	crates/topology/src/builder.rs	crates/topology/src/builder.rs:882:29: replace - with + in make_nurbs_edge
CaughtMutant	crates/topology/src/builder.rs	crates/topology/src/builder.rs:882:29: replace - with / in make_nurbs_edge
CaughtMutant	crates/topology/src/builder.rs	crates/topology/src/builder.rs:883:25: replace * with + in make_nurbs_edge
MissedMutant	crates/topology/src/builder.rs	crates/topology/src/builder.rs:883:25: replace * with / in make_nurbs_edge
CaughtMutant	crates/topology/src/builder.rs	crates/topology/src/builder.rs:883:39: replace - with + in make_nurbs_edge
CaughtMutant	crates/topology/src/builder.rs	crates/topology/src/builder.rs:883:39: replace - with / in make_nurbs_edge
CaughtMutant	crates/topology/src/builder.rs	crates/topology/src/builder.rs:884:28: replace >= with < in make_nurbs_edge
CaughtMutant	crates/topology/src/builder.rs	crates/topology/src/builder.rs:885:28: replace <= with > in make_nurbs_edge
CaughtMutant	crates/topology/src/builder.rs	crates/topology/src/builder.rs:886:28: replace >= with < in make_nurbs_edge
CaughtMutant	crates/topology/src/builder.rs	crates/topology/src/builder.rs:887:28: replace <= with > in make_nurbs_edge
Unviable	crates/topology/src/builder.rs	crates/topology/src/builder.rs:889:45: replace - with + in make_nurbs_edge
CaughtMutant	crates/topology/src/builder.rs	crates/topology/src/builder.rs:889:63: replace <= with > in make_nurbs_edge
Unviable	crates/topology/src/builder.rs	crates/topology/src/builder.rs:889:45: replace - with / in make_nurbs_edge
Unviable	crates/topology/src/builder.rs	crates/topology/src/builder.rs:890:45: replace - with / in make_nurbs_edge
Unviable	crates/topology/src/builder.rs	crates/topology/src/builder.rs:890:45: replace - with + in make_nurbs_edge
CaughtMutant	crates/topology/src/builder.rs	crates/topology/src/builder.rs:890:61: replace <= with > in make_nurbs_edge
Unviable	crates/topology/src/builder.rs	crates/topology/src/builder.rs:913:5: replace make_nurbs_edge_from_curve -> EdgeId with Default::default()
Unviable	crates/topology/src/builder.rs	crates/topology/src/builder.rs:937:5: replace make_nurbs_face -> Result<FaceId, crate::TopologyError> with Ok(Default::default())
CaughtMutant	crates/topology/src/builder.rs	crates/topology/src/builder.rs:951:66: replace % with / in make_nurbs_face
CaughtMutant	crates/topology/src/builder.rs	crates/topology/src/builder.rs:951:61: replace + with - in make_nurbs_face
CaughtMutant	crates/topology/src/builder.rs	crates/topology/src/builder.rs:951:66: replace % with + in make_nurbs_face
CaughtMutant	crates/topology/src/builder.rs	crates/topology/src/builder.rs:951:61: replace + with * in make_nurbs_face
